"origin","comb_cbd","comb_cbn","comb_thc","comb_cbg","comb_thcv","comb_cbc"
"Oakland",0.313212,0,16.076502,0.947192,0,0.83824
"Oakland",0.307824,0,19.621034,0.788076,0.319352,0.487996
"Oakland",0.27814,0,13.37422,0.349152,0,0.468288
"Oakland",0.2569,0.084028,13.015318,0.442924,0,0.114968
"Oakland",0.02068,0.02552,17.292104,0.426828,0.106396,0.030536
"Oakland",0.019888,0.021032,16.315364,0.329796,0.114456,0.025872
"Oakland",0.02068,0.012408,16.887018,1.035936,0.066704,0.0271
"Oakland",0.022,0.026928,18.451358,0.533424,0.077176,0.0384
"Oakland",0.020416,0.00968,16.011144,1.131276,0.054208,0.020836
"Oakland",10.965732,0.005192,8.488876,0.542276,0.044804,0.107396
"Oakland",0.024112,0.00704,16.956636,0.671688,0,0.04184
"Oakland",0.034496,0.01408,22.098004,0.96802,0.0752,0.05058
"Oakland",0.03036,0.013552,21.411366,0.845484,0.123392,0.113132
"Oakland",5.266016,0.002288,1.79892,0.147072,0,0.04714
"Oakland",0.08184,0.02288,13.387636,0.51204,0.077908,0.059924
"Oakland",0.033616,0.042616,22.443342,0.26174,0,0.028104
"Oakland",0.03476,0.019712,20.472304,0.863164,0.173232,0.051328
"Oakland",4.42514,0.0495,10.10079,0.536544,0.069096,0.074544
"Oakland",0.020064,0.021912,16.587634,0.34216,0.08004,0.044504
"Oakland",0.01056,0.061428,12.736,0.33632,0.0169,0.062048
"Oakland",0.019008,0.103376,18.163372,0.374792,0.0119,0.126528
"Oakland",0.02464,0.022968,18.350058,1.309184,0.05764,0.037348
"Oakland",0.022792,0.074824,17.217946,0.6432,0.830168,0.083172
"Oakland",0.029744,0.04972,21.038508,0.955608,0.093016,0.037752
"Oakland",0.029568,0.050952,22.056596,0.901676,0.0258,0.067368
"Oakland",0.251152,0,0.110704,0,0,0.000264
"Oakland",0.011088,0.014168,12.676518,0.542504,0.34816,0.044388
"Oakland",0.010296,0.033264,12.218694,0.417728,0.02448,0.048432
"Oakland",0.014784,0.029568,11.664234,0.488352,0.029228,0.050348
"Oakland",0.280808,0,0.14866,0,0,0.002024
"Oakland",0.161076,0,0.078926,0,0,0.000968
"Oakland",15.75018,0,0.467906,0.220676,0,0.570868
"Oakland",0.062108,0.021032,15.47356,0.157912,0.04532,0.042636
"Oakland",0.034512,0.018128,18.16366,0.413216,0.09474,0.021324
"Oakland",0.023076,0.015136,13.541536,0.5352,0.38386,0.039244
"Oakland",0.03244,0.014432,13.967148,0.665524,0.350972,0.049376
"Oakland",0.020944,0.021384,17.050798,1.171764,0.07788,0.04428
"Oakland",0.028336,0.032824,19.508282,0.200252,0.015664,0.019272
"Oakland",0.022088,0.031504,18.690808,0.33498,0.042836,0.028108
"Oakland",0.045056,0.02596,18.620286,0.30176,0.123012,0.039156
"Oakland",13.506636,0.029416,0.523692,0.13702,0,0.061424
"Oakland",0.024992,0.024112,18.863128,0.353368,0.0693,0.020152
"Oakland",0.020328,0.023584,17.008474,0.305716,0.0311,0.016544
"Oakland",0.013992,0.018392,14.208272,0.253232,0.0399,0.02422
"Oakland",0.019008,0.015048,16.753104,0.713576,0.061952,0.028672
"Oakland",0.027104,0.021912,18.430416,0.287564,0.028248,0.053132
"Oakland",0.019804,0.036608,12.37274,0.208468,0.0104,0.01012
"Oakland",0.020416,0.015136,14.668776,0.225152,0.08398,0.017696
"Oakland",0.032736,0.014344,21.845372,0.313768,0.023584,0.02156
"Oakland",0.031856,0.019712,21.184368,0.684392,0.051832,0.034604
"Oakland",5.469304,0.0022,1.625058,0.14358,0,0.035384
"Oakland",0.034932,0.026312,21.098592,0.447432,0.091412,0.037008
"Oakland",0.032032,0.034248,20.155188,0.165792,0.0868,0.036564
"Oakland",0.027104,0.01672,16.60445,0.339964,0.09678,0.035904
"Oakland",0.032472,0.047728,22.176124,0.344708,0.135096,0.047612
"Oakland",8.909736,0.004048,4.92479,0.380608,0,0.065076
"Oakland",0.038584,0.008712,17.522472,0.440368,0.103476,0.019272
"Oakland",0.037224,0.008184,26.776838,0.236284,0.14932,0.029568
"Oakland",0.02906,0.011792,23.011264,1.00484,0.124628,0.05632
"Oakland",0.0308,0.009856,25.159924,0.226384,0.114152,0.02068
"Oakland",0.037136,0.013904,23.541312,0.733628,0.233484,0.021736
"Oakland",0.02948,0.011528,24.962414,0.968444,0.165216,0.023848
"Oakland",0.029568,0.016632,22.478034,0.594556,0.098808,0.030448
"Oakland",0.021824,0.029036,18.110526,0.380612,0.145052,0.025096
"Oakland",0.03334,0.013376,22.712808,0.389048,0.101092,0.024472
"Oakland",0.021384,0.014872,18.212328,0.587272,0.08542,0.024392
"Oakland",0.022612,0.00968,15.859426,0.226892,0.0983,0.019776
"Oakland",0.028992,0.010032,16.30546,0.370468,0.128324,0.028368
"Oakland",0.03792,0.008008,19.052078,0.676104,0.190208,0.062948
"Oakland",0.020808,0.008184,14.091412,0.367408,0.0381,0.052156
"Oakland",0.044976,0.012672,26.863114,1.602052,0.108164,0.074776
"Oakland",0.170368,0.0012,0.1222,0.00396,0,0.00088
"Oakland",0.017072,0.009768,15.149876,0.233984,0.014696,0.021356
"Oakland",0.019184,0.007304,14.743078,0.227892,0.016896,0.01716
"Oakland",0.023128,0.011616,22.576188,1.062192,0.922956,0.070884
"Oakland",0.02308,0.011616,18.972452,0.633792,0.100244,0.029736
"Oakland",0.021296,0.01012,20.796586,0.722376,0.09264,0.064048
"Oakland",0.020516,0.011792,15.70402,0.390652,0.120748,0.034048
"Oakland",0.025696,0.016456,19.515804,0.407248,0.030208,0.060616
"Oakland",0.013184,0.01408,13.101898,0.222284,0.050052,0.02022
"Oakland",0.013732,0.011704,15.185674,0.331772,0.090628,0.054752
"Oakland",0.019272,0.015136,18.219432,0.373992,0.09314,0.028064
"Oakland",6.62272,0,1.994924,0.202968,0,0.133128
"Oakland",9.390924,0.004664,3.816372,0.798952,0,0.23012
"Oakland",0,0.095508,0.382078,0.0169,0,0.1155
"Oakland",0.081048,0.134764,5.596354,0.158048,0,0.17108
"Oakland",0.1962,0,10.124378,0.71316,0,0.05984
"Oakland",10.67044,0.005,4.16784,0.498328,0,0.18262
"Oakland",7.230852,0.004048,3.62798,0.240704,0,0.141488
"Oakland",0,0.121912,0.691078,0.0127,0,0.035
"Oakland",0.004312,0.159312,5.71787,0.11306,0.0103,0.095044
"Oakland",0.011616,0,10.240898,0.678784,0.0512,0.061512
"Oakland",5.648604,0.0339,4.466826,0.462388,0,0.105832
"Oakland",3.828772,0.025304,3.816216,0.196724,0.0094,0.069308
"Oakland",0.032736,0.008888,14.184406,0.394164,0.0166,0.021824
"Oakland",3.474944,0,1.05231,0.076084,0,0.021556
"Oakland",0.061492,0,17.660474,0.407844,0.124672,0.00396
"Oakland",0.051436,0,17.465754,0.34846,0.0956,0.004312
"Oakland",0.047704,0,17.43493,0.395276,0.1133,0.006688
"Oakland",9.122624,0.097416,5.169966,0.631388,0,0.062304
"Oakland",7.24792,0.096096,8.754054,0.705192,0,0.065616
"Oakland",0.176056,0.081664,12.354252,0.399844,0,0.030856
"Oakland",0.275556,0.067232,15.343442,0.402216,0,0.053484
"Oakland",0.256832,0.064592,18.84018,0.567132,0.005632,0.0044
"Oakland",9.122624,0.097416,5.169966,0.631388,0,0.062304
"Oakland",7.24792,0.096096,8.754054,0.705192,0,0.065616
"Oakland",0.176056,0.081664,12.354252,0.399844,0,0.030856
"Oakland",0.275556,0.067232,15.343442,0.402216,0,0.053484
"Oakland",0.256832,0.064592,18.84018,0.567132,0.005632,0.0044
"Oakland",0.330444,0.08786,17.132232,0.349756,0,0.033924
"Oakland",9.099296,0.010472,5.368842,0.425104,0,0.14426
"Oakland",9.261848,0.011,4.385282,0.207888,0,0.134252
"Oakland",0.953864,0.019272,9.491794,0.335348,0,0.116556
"Oakland",0.280592,0,20.22281,0.62646,0,0.045408
"Oakland",0.09944,0.040568,15.663982,0.288908,0,0.124848
"Oakland",0,0.009064,22.125416,0.630444,0,0.012056
"Oakland",0,0.012936,23.592222,0.478896,0,0.01408
"Oakland",0,0.016808,26.987128,0.82308,0,0.013464
"Oakland",0,0.01056,23.727698,1.237284,0,0.011
"Oakland",0,0.01232,20.795798,1.446132,0,0.007744
"Oakland",0,0.00968,19.772832,0.464108,0,0.009504
"Oakland",0,0.009416,19.106428,1.233452,0,0.005896
"Oakland",0,0.016016,19.585858,0.763932,0,0.002992
"Oakland",0,0.013904,22.531302,0.700968,0,0.007128
"Oakland",0,0.011528,18.077226,0.55562,0,0.007568
"Oakland",0,0.012496,20.933284,0.411984,0,0.01144
"Oakland",0,0.010032,16.76546,0.447856,0,0.006952
"Oakland",0.098384,0.06204,21.504874,0.903224,0,0.120812
"Oakland",0.09064,0.01056,14.650492,1.152364,0,0.010208
"Oakland",0.089496,0.012496,13.502262,0.356732,0,0.004488
"Oakland",0.093016,0.0088,16.584862,0.488868,0,0.00616
"Oakland",9.568452,0,5.485604,0.688212,0,0.121972
"Oakland",0.088704,0.013024,13.2044,1.383744,0,0.006424
"Oakland",0.095744,0.015664,16.440108,0.587384,0,0.013552
"Oakland",0.086416,0.015664,13.716284,0.603652,0,0.047812
"Oakland",0.088352,0.032648,20.41541,0.477768,0,0.05896
"Oakland",0.072776,0.02112,10.296476,0.245696,0,0.011176
"Oakland",0,0,17.806572,0.368208,0,0.007656
"Oakland",0.090904,0,16.255588,0.41698,0,0.034408
"Oakland",18.518124,0,0.598622,0.166408,0,0.176984
"Oakland",11.07084,0,4.61388,0.322256,0,0.048136
"Oakland",0.087824,0.014344,15.889532,0.7942,0,0.022968
"Oakland",0,0.025872,10.568728,0.31218,0,0.0154
"Oakland",0.07876,0.007128,8.011116,0.620168,0,0
"Oakland",0.094952,0.011528,10.66568,0.780152,0,0
"Oakland",0.10428,0.018392,20.577066,0.314608,0,0.005368
"Oakland",0.086856,0.013112,17.22635,0.460728,0,0.017776
"Oakland",0.087736,0.016808,16.023674,0.242228,0,0.015928
"Oakland",0.086856,0.041184,11.335338,0.292256,0,0.022528
"Oakland",0.234364,0.019272,13.210244,0.294724,0,0.007128
"Oakland",7.073748,0,3.491414,0.349776,0,0.076444
"Oakland",0.079904,0.010296,16.248758,0.32304,0,0.074152
"Oakland",0.093896,0.022528,21.11063,0.845832,0,0.053864
"Oakland",0.092928,0.023672,17.719112,0.354256,0,0.063296
"Oakland",13.282228,0,5.00208,0.322684,0,0.098348
"Oakland",0.10472,0.019008,23.695636,0.904316,0,0
"Oakland",0.104456,0,13.995996,0.431516,0,0
"Oakland",6.598316,0,3.116978,0.262772,0,0.032736
"Oakland",0.0924,0.012936,18.059324,0.637388,0,0
"Oakland",0.09592,0.0154,20.914644,0.390408,0,0
"Oakland",0.089056,0.008976,8.595034,0.669552,0,0.001848
"Oakland",0.09548,0.01496,12.119034,0.297396,0,0.0066
"Oakland",0,0.013464,11.94008,0.473292,0,0.019536
"Oakland",0,0.0198,10.586948,0.1074,0,0
"Oakland",0.160776,0.027632,12.676062,0.45888,0,0
"Oakland",0.172568,0.028072,13.568888,0.500824,0,0
"Oakland",0,0,10.84535,0.271276,0,0
"Oakland",0,0.04532,13.956038,0.403024,0,0.004576
"Oakland",0,0.009064,18.992126,0.337,0,0
"Oakland",0.085448,0.030008,14.664728,1.217252,0,0
"Oakland",0.08052,0,13.71911,0.223912,0,0.0481
"Oakland",0.063712,0,0,0,0,0
"Oakland",7.864572,0,0.209242,0,0,0.0945
"Oakland",0.092752,0.053152,16.00107,1.504696,0,0.006776
"Oakland",0.095568,0.013024,16.161162,1.144244,0,0.001584
"Oakland",0.098032,0.01012,18.810282,0.442336,0,0
"Oakland",0.094424,0.061512,14.153464,1.370744,0,0.066704
"Oakland",0.087032,0.026488,20.146076,0.828288,0,0
"Oakland",0.088704,0.022352,14.20499,0.933492,0,0.001672
"Oakland",0.090024,0.041536,18.405178,1.33216,0,0
"Oakland",0.077352,0.017864,21.70303,0.556248,0,0
"Oakland",0.088176,0.01848,19.333098,0.474628,0,0.015312
"Oakland",0.089936,0.030448,14.694838,0.343312,0,0
"Oakland",0.07744,0.015928,15.600034,0.557952,0,0.02508
"Oakland",0.090112,0.022616,22.568482,0.338824,0,0
"Oakland",11.713868,0,0.846964,0.312048,0,0.053592
"Oakland",0,0,0.606184,0.019364,0,0.003872
"Oakland",0.141892,0,0.085366,0.005632,0,0.002024
"Oakland",0.126336,0,0.1159,0.004136,0,0.00088
"Oakland",0.023156,0,0.237528,0.006632,0,0.002816
"Oakland",0.127796,0,0.09816,0.009204,0,0
"Oakland",0.034372,0,0.167852,0.017204,0,0.002112
"Oakland",0.0113,0.000792,0.332538,0.009808,0,0.00968
"Oakland",0.0047,0.000264,0.246288,0.004528,0,0.00484
"Oakland",0.56,0.5,23.418,0.368208,0,0.007656
"Oakland",0.079992,0.012584,17.569398,0.52552,0,0.053556
"Oakland",0.106216,0.012584,12.207818,0.368308,0,0
"Oakland",0.096624,0.014696,12.575768,0.351556,0,0
"Oakland",0.076472,0.03168,14.05573,0.77642,0,0.000616
"Oakland",0.09416,0.018304,10.980428,0.1388,0,0.01804
"Oakland",0.092488,0.008536,16.32643,0.813992,0,0.006776
"Oakland",0.091432,0.025432,20.199152,0.577972,0,0
"Oakland",0.033792,0,7.219938,0.319108,0,0.048928
"Oakland",16.448948,0,0.545424,0.114048,0,0.105072
"Oakland",0.078408,0.017248,14.8708,0.59738,0.035112,0.00088
"Oakland",0.073744,0.019888,5.112152,0.0792,0,0
"Oakland",0.081224,0,15.107238,0.579612,0,0.005368
"Oakland",0.085536,0.054472,11.705686,1.50238,0,0.001848
"Oakland",16.448948,0,0.545424,0.114048,0,0.105072
"Oakland",0.088352,0.0066,22.349378,0.443784,0,0
"Oakland",1.047424,0,0.002464,0.0424,0,0
"Oakland",0,0.012672,20.066852,0.467608,0,0
"Oakland",0.088,0.012848,27.69999,1.01978,0,0
"Oakland",0.07832,0.024288,16.360828,0.454416,0,0
"Oakland",0.093544,0.015224,14.282348,0.353352,0,0
"Oakland",0.080256,0.022176,15.91527,0.474792,0,0
"Oakland",0.103136,0.023848,22.245086,0.371656,0,0
"Oakland",0.106744,0.022176,20.560324,0.763908,0,0
"Oakland",0.307524,0.011968,13.4915,0.321776,0.005192,0
"Oakland",0.08932,0.014784,18.510484,0.887576,0.450296,0.048488
"Oakland",0.091256,0.011264,11.521834,0.425084,0,0
"Oakland",0,0,1.492832,0.132024,0,0.010472
"Oakland",0.077176,0,13.375252,0.268928,0,0
"Oakland",0.07744,0,11.77812,0.198256,0,0.001848
"Oakland",11.068552,0.008536,6.216596,0.834412,0,0.118888
"Oakland",0.147136,0.043472,23.728292,0.748304,0.065824,0.034672
"Oakland",0.0594,0.03432,19.351568,0.334532,0.036256,0.054296
"Oakland",0.09768,0.037312,16.079038,0.74818,0,0.030976
"Oakland",0.056232,0.020328,15.270886,0.521996,0,0.049896
"Oakland",0.096096,0.0308,17.266108,0.3683,0,0.238676
"Oakland",0.090552,0.02728,15.85217,0.616672,0,0.069872
"Oakland",0.085448,0.233668,11.579218,0.575832,0.032296,0.066144
"Oakland",0.092312,0.022176,17.123976,0.946304,0.060544,0.231504
"Oakland",0.097504,0.048312,14.33538,0.931952,0,0.0647
"Oakland",0.102872,0.076208,20.454044,0.41078,0.061424,0.106692
"Oakland",0.09724,0.027544,16.658892,0.649828,0.021472,0.125368
"Oakland",0.10868,0.038544,26.378878,0.604324,0.087296,0.090956
"Oakland",0.094688,0.020416,13.372928,0.483168,0,0.108744
"Oakland",0.10692,0.02288,25.321332,0.81508,0.054472,0.173164
"Oakland",0.116072,0.0308,18.238906,0.912636,0,0.115332
"Oakland",0.108592,0.029656,20.03421,0.91672,0,0.037664
"Oakland",0.09988,0.037312,19.34424,0.87198,0.240152,0.04092
"Oakland",0.102608,0.024552,17.537106,0.537504,0,0.222868
"Oakland",0.105072,0.035992,17.68552,1.15458,0,0.122588
"Oakland",0.108592,0.04444,22.224414,1.92604,0.0462,0.037752
"Oakland",0.259412,0.03344,19.473764,0.432368,0.003432,0.222476
"Oakland",0.290888,0.027544,16.781998,0.571684,0.33,0.116636
"Oakland",0.10692,0.056408,22.225046,0.4061,0,0.045496
"Oakland",0.098736,0.035376,21.69999,0.634148,0,0.029128
"Oakland",0.08712,0.044176,17.547422,0.27858,0,0.066792
"Oakland",0.101816,0.066352,20.047498,0.36958,0,0.091784
"Oakland",0.102696,0.069344,20.782886,1.879764,0,0.076912
"Oakland",0.119504,0.055528,27.068886,0.482232,0,0.11698
"Oakland",0.121088,0.05632,23.679774,1.335572,0.022528,0.08618
"Oakland",0.088616,0.039512,18.79074,1.33568,0,0.29432
"Oakland",0.111848,0.057904,20.275394,0.3577,0,0.042768
"Oakland",0.111496,0.02596,24.950116,0.623136,0.017864,0.39452
"Oakland",0.09812,0.110528,20.175278,0.500312,0,0.102396
"Oakland",0.099528,0.018304,20.974136,0.504984,0,0.372524
"Oakland",0.0924,0.053944,24.301854,0.911744,0.02112,0.144108
"Oakland",0.087736,0.05148,16.471802,0.376348,0,0.047784
"Oakland",15.79804,0.3133,0.638444,0,0,0.170016
"Oakland",0.286392,0.387368,6.783048,0.1006,3.015056,0.005544
"Oakland",0.239016,0.34592,6.958598,0,2.922744,0.008272
"Oakland",0.1796,0.4247,5.213048,0,2.034472,0.00616
"Oakland",0.0638,0.04532,17.604924,0.903116,0.49236,0.093556
"Oakland",7.139464,0.009416,4.381062,0.356196,0,0.129596
"Oakland",3.513812,0.007216,1.273322,0.21876,0,0.032648
"Oakland",6.923108,0.13492,7.477984,0.203224,0,0.506376
"Oakland",0.107350857,0.026356,15.71510486,0.189018857,0.007832,0.009636
"Oakland",0.107350857,0.026356,15.71510486,0.189018857,0.007832,0.009636
"Oakland",0.107350857,0.026356,15.71510486,0.189018857,0.007832,0.009636
"Oakland",0.035589,0.01408,12.6166555,0.287059,0.050052,0.015945
"Oakland",0.07412,0.044176,15.8944695,0.27823,0,0.069692
"Oakland",0.066102667,0,15.55757733,0.540096667,0,0.035158
"Oakland",2.851159,0.015752,15.2658045,1.181323,0.02882,0.074743
"Oakland",0.171993,0.133770667,20.145012,0.391049333,0.030470667,0.015573333
"Oakland",0.178213333,0.03374,19.385452,0.387868,0.003432,0.062576
"Oakland",0.074837333,0.023584,17.81355933,0.328449333,0.0311,0.016544
"Oakland",16.292388,0.033690909,0.591333818,0.167176848,0,0.134980242
"Oakland",7.401150889,0.033852923,5.530179222,0.439251829,0,0.054567812
"Oakland",8.04238,0.2215,8.299332,0.219924,0.025256,0.643772
"Oakland",4.249228,0.019008,1.706354,0.23666,0,0.032208
"Oakland",9.034336,0.021824,5.281718,0.376896,0.013288,0.310948
"Oakland",0.080256,0.05192,20.462932,0.934316,0.546128,0.2676
"Oakland",0.113784,0.03256,21.358932,0.559416,0,0.07302
"Oakland",0.108592,0.041624,15.9182,0.240596,0.07524,0.052096
"Oakland",0.101992,0.03476,13.855618,0.225308,0,0.04224
"Oakland",0.112464,0.032208,16.413152,0.269472,0.020328,0.058432
"Oakland",0.104192,0.02464,15.332814,0.81642,0,0.056464
"Oakland",0.097592,0.023232,20.08785,1.106772,0.068904,0.093444
"Oakland",0.090112,0.016368,17.276976,3.0023,0.04136,0.07352
"Oakland",0.102344,0.017688,20.982066,2.987556,0.118536,0.030712
"Oakland",0.099352,0.019976,17.603882,1.398812,0.048048,0.025344
"Oakland",0.097064,0.031152,19.747508,2.007212,0.04576,0.023936
"Oakland",0.0924,0.021472,14.741378,1.534936,0.001584,0.021208
"Oakland",0.098296,0.0176,19.866844,0.486868,0.022792,0.504744
"Oakland",14.491276,0.0848,0.847824,0.167688,0.016632,0.44588
"Oakland",0.128744,0.040744,26.143362,0.597616,0.010912,0.245392
"Oakland",0.118448,0.048488,18.62987,0.265496,0.137456,0.051128
"Oakland",0.105776,0.043032,15.270446,0.244608,0.055616,0.041536
"Oakland",0.119504,0.04136,18.48077,0.292072,0.088352,0.057376
"Oakland",0.113608,0.034144,18.38555,0.86062,0.060632,0.2312
"Oakland",0.105952,0.032648,24.421978,1.162572,0.13112,0.265704
"Oakland",0.09768,0.02684,22.11904,3.0532,0.10428,0.247468
"Oakland",0.113432,0.028424,26.393866,3.059856,0.181808,0.030272
"Oakland",0.109208,0.029832,21.683238,1.445112,0.11044,0.024992
"Oakland",0.110176,0.039512,26.409076,2.083812,0.108504,0.023672
"Oakland",0.100584,0.03124,18.774924,1.586836,0.06556,0.021032
"Oakland",0.107976,0.026576,23.423848,0.519168,0.079816,0.654964
"Oakland",18.699132,0.174704,1.330132,0.189288,0.077264,0.613632
"Oakland",0.035708,0.003696,1.510612,0.040504,0.00616,0.075928
"Oakland",0.019776,0.008272,3.049872,0.117212,0.02156,0.084052
"Oakland",0.01538,0.008712,1.8477,0.024172,0.011792,0.047148
"Oakland",0.0066,0.00396,1.860262,0.043912,0.019008,0.070508
"Oakland",0.007128,0.004928,2.397166,0.057712,0.017776,0.124124
"Oakland",0.006512,0.00748,1.764746,0.026772,0.01276,0.070404
"Oakland",0.007128,0.00572,2.313372,0.040728,0.015752,0.126648
"Oakland",0.007304,0.0044,2.326222,0.046568,0.021032,0.080252
"Oakland",0.005984,0.003344,1.526078,0.023272,0.004224,0.053184
"Oakland",0.005104,0.002728,0.927394,0.022556,0.00616,0.033688
"Oakland",0.006776,0.0044,1.908234,0.026268,0.019624,0.074412
"Oakland",0.00572,0.003872,1.43321,0.023864,0.005544,0.084768
"Oakland",0.020648,0.003872,1.702566,0.02672,0.003784,0.110752
"Oakland",0.018776,0.003256,2.023334,0.06046,0.015928,0.085636
"Oakland",0.016932,0.003696,1.377258,0.024276,0.006072,0.05562
"Oakland",0.021108,0.002464,1.639358,0.044044,0.003696,0.09118
"Oakland",0.028612,0.003168,1.221934,0.02874,0.004576,0.067012
"Oakland",0.01954,0.003608,1.618472,0.033788,0.008976,0.097592
"Oakland",0.015808,0.003432,1.352424,0.028592,0.004048,0.071864
"Oakland",0.031544,0.004312,2.873026,0.10414,0.012496,0.193548
"Oakland",0.043588,0.00396,4.464608,0.336156,0.023144,0.330204
"Oakland",0.014292,0.00308,1.36875,0.015964,0.003784,0.065052
"Oakland",0.024436,0.002904,1.777932,0.024548,0.004928,0.154044
"Oakland",0.00572,0.002728,1.486568,0.013972,0.002728,0.114152
"Oakland",0.00792,0.004664,2.422816,0.030584,0.006688,0.144756
"Oakland",0.00616,0.00352,2.191466,0.070024,0.009944,0.163612
"Oakland",0.00748,0.005984,2.516698,0.046804,0.00704,0.259788
"Oakland",0.00968,0.004048,3.441882,0.04456,0.018832,0.17676
"Oakland",0.00792,0.00352,2.856368,0.13792,0.011968,0.200584
"Oakland",0.006776,0.004224,2.021956,0.04354,0.0044,0.19634
"Oakland",3.080028,0.001232,1.005558,0.04686,0.016808,0.148888
"Oakland",0.01752,0.00396,2.605104,0.047096,0.013904,0.17826
"Oakland",0.005456,0.002552,1.593338,0.041996,0.004312,0.13008
"Oakland",0.010208,0.004752,3.727008,0.095124,0.019976,0.192972
"Oakland",0.011704,0.00704,4.63061,0.318792,0.022792,0.342512
"Oakland",0.007392,0.004048,2.609062,0.043768,0.011176,0.110476
"Oakland",0.009152,0.005544,3.501578,0.052156,0.015752,0.272524
"Oakland",0.008976,0.004136,3.394284,0.178408,0.017864,0.196724
"Oakland",0.008888,0.003256,3.996524,0.101744,0.02508,0.254812
"Oakland",0.007568,0.003872,3.254112,0.1403,0.015928,0.267116
"Oakland",0.006952,0.003608,2.068002,0.078972,0.00968,0.08572
"Oakland",0.006864,0.000528,1.963406,0.014144,0.004312,0.1023
"Oakland",0.006688,0.006072,2.337814,0.022152,0.005632,0.237832
"Oakland",0.008096,0.006952,2.597008,0.03166,0.007744,0.134548
"Oakland",0.00748,0.002728,1.723882,0.015268,0.009944,0.085076
"Oakland",0.25562,0.051832,17.656006,1.129932,0,0.183344
"Oakland",0.0968,0.052184,17.405678,1.068712,0,0.18008
"Oakland",1.225488,0,0.709124,0.258656,0,0.055088
"Oakland",0.14036,0.029568,17.549456,0.922452,0.029568,0.03476
"Oakland",17.814748,0,0.742014,0.223112,0.04224,0.295084
"Oakland",0.1034,0.022,22.589916,0.941192,0,0.213324
"Oakland",0.116248,0.03168,20.613682,0.56162,0,0.32428
"Oakland",0.111232,0.033264,20.006676,0.589368,0,0.183908
"Oakland",0.122496,0.050952,20.9017,0.458456,0.02992,0.036432
"Oakland",0.11484,0.029568,20.01771,0.25608,0.025168,0.078092
"Oakland",0.113608,0.04664,18.610728,0.73628,0,0.062656
"Oakland",0.094512,0.159276,17.173232,0.31008,0,0.048492
"Oakland",0.086856,0.065912,14.133118,0.268928,0,0.020064
"Oakland",0.077352,0.048488,15.588868,0.556304,0,0.039896
"Oakland",6.603912,0,4.199516,0.378792,0,0.096064
"Oakland",0.147428,0.010472,20.490696,0.679324,0.069168,0.174864
"Oakland",0.108328,0.011088,21.187972,0.49408,0,0.376644
"Oakland",6.609484,0.150116,3.33971,0.244932,0,0.209768
"Oakland",12.064396,0,0.423334,0.307552,0,0.200168
"Oakland",14.237944,0,5.725568,0.372852,0,0.112464
"Oakland",0.10956,0,20.384612,0.398,0,0.030272
"Oakland",10.149616,0,7.810474,0.291396,0,0.089848
"Oakland",0.114048,0.013992,16.806528,0.342972,0,0.010296
"Oakland",8.931404,0,0.317748,0.095656,0,0.055704
"Oakland",0.095304,0.048664,21.335698,0.453164,0,0.016808
"Oakland",0.084656,0.056584,11.863752,0.539516,0,0.025784
"Oakland",0.09504,0,18.898734,0.66742,0,0.044528
"Oakland",0.086944,0.015224,18.844934,0.645176,0.028864,0.110968
"Oakland",0.097592,0.02728,16.775108,0.371356,0,0.015312
"Oakland",0.10208,0.019536,23.594062,0.571504,0,0.110672
"Oakland",0.076472,0,5.378864,0.768228,2.85736,0.056932
"Oakland",15.681216,0,0.607984,0.195656,0,0.186916
"Oakland",0.125576,0.013904,13.61799,0.302232,0,0.006248
"Oakland",0.14652,0.044264,19.795068,0.640388,0.138688,0.097032
"Oakland",0.163152,0.04048,25.039116,0.567608,0.217184,0.119776
"Oakland",0.148808,0.034936,19.71941,0.466528,0.16412,0.172524
"Oakland",0.147048,0.033704,20.34428,0.730788,0.148984,0.120252
"Oakland",0.155144,0.026664,18.392052,0.333012,0.080344,0.089808
"Oakland",0.168256,0.03872,21.779166,0.719084,1.332716,0.033
"Oakland",0.164824,0.039952,19.155382,0.560808,0.239024,0.031768
"Oakland",0.156728,0.0462,19.176524,0.612532,0.26456,0.015136
"Oakland",0.153032,0.045848,18.622582,0.327216,0.230692,0.022264
"Oakland",0.154792,0.029304,17.341942,0.416096,0.065736,0.080632
"Oakland",0.159104,0.029656,17.262346,0.411156,0.05632,0.092472
"Oakland",0.13948,0.305692,13.07665,0.511376,0.430476,0.091732
"Oakland",0.147136,0.292492,17.157628,0.382084,0.1228,0.09446
"Oakland",12.490276,0,5.95576,0.743544,0,0.239348
"Oakland",9.603812,0,4.451556,0.32872,0,0.137644
"Oakland",0.0568,0,22.0981,0.958668,0,0.099696
"Oakland",0.169312,0,0,0.2747,0,0
"Oakland",0.1694,0.040656,23.36919,0.509816,0.069168,0.022704
"Oakland",0.18216,0.025696,29.963806,0.90974,0.134288,0.071544
"Oakland",9.791204,0.023848,4.75421,0.323712,0.105944,0.07744
"Oakland",12.676176,0.022792,5.947696,0.629872,0.04796,0.092664
"Oakland",0.167376,0.412024,26.479214,0.2183,0.1839,0.01628
"Oakland",0,0.1901,0.80893,0.062216,0,0.013376
"Oakland",0,0,4.078254,0.524208,1.996948,0.0554
"Oakland",0.146872,0.0264,12.241398,0.193876,0.07304,0.11462
"Oakland",0.132704,0.02332,18.502254,0.396076,0.048928,0.321264
"Oakland",0.143968,0.02156,21.520266,0.578444,0.182484,0.300796
"Oakland",0.154792,0.02244,19.052672,0.327652,0,0.111392
"Oakland",0.13684,0.018128,16.759862,0.53656,0,0.159512
"Oakland",0.012936,0.001408,0.803786,0.023136,0.003872,0.024896
"Oakland",2.034212,0.003784,0.669092,0.026996,0,0.033268
"Oakland",0.146872,0.0264,12.241398,0.193876,0.07304,0.11462
"Oakland",0.132704,0.02332,18.502254,0.396076,0.048928,0.321264
"Oakland",0.143968,0.02156,21.520266,0.578444,0.182484,0.300796
"Oakland",0.154792,0.02244,19.052672,0.327652,0,0.111392
"Oakland",0.13684,0.018128,16.759862,0.53656,0,0.159512
"Oakland",0.012936,0.001408,0.803786,0.023136,0.003872,0.024896
"Oakland",0.154176,0.027016,21.602592,0.5604,0.0726,0.391848
"Oakland",3.34764,0.002552,1.17403,0.053684,0,0.045764
"Oakland",2.90284,0.004312,1.008082,0.054532,0,0.040588
"Oakland",0.126984,0.09828,10.353292,0.274936,0,0.0598
"Oakland",0.139832,0.722976,16.506588,1.410776,0.080696,0.000352
"Oakland",0.12496,0.037312,16.438556,0.428076,0.180624,0.065392
"Oakland",0.163064,0.027808,17.94458,0.262376,0.069344,0.0022
"Oakland",0.123552,0.02684,14.479892,1.201088,0.144144,0.005544
"Oakland",0.146872,0.160556,18.492286,0.437108,0.1606,0.1031
"Oakland",2.14496,0,0.064538,0.038864,0,0.014836
"Oakland",3.627636,0,0.110552,0.1176,0,0.031268
"Oakland",2.449088,0.000792,0.868396,0.067092,0.037488,0.065424
"Oakland",0.020444,0.001584,3.055204,0.039308,0.022176,0.076736
"Oakland",3.122252,0.001144,3.582888,0.145612,0.136752,0.067848
"Oakland",0.534792,0.000704,0.462478,0.013384,0.002112,0.00396
"Oakland",0.017352,0.00088,3.777518,0.128456,0.134024,0.048224
"Oakland",2.054836,0.001144,0.556808,0.079532,0.010296,0.023688
"Oakland",1.862136,0,0.058174,0.015004,0,0.010176
"Oakland",3.857476,0,0.109692,0.159528,0,0.0304
"Oakland",3.449544,0,0.105172,0.104744,0,0.030816
"Oakland",0.12144,0.032384,9.968498,0.22386,0,0.062392
"Oakland",0.12232,0.029568,11.493368,0.2839,0,0.086904
"Oakland",0.130152,0.02156,11.825476,0.1476,0.067848,0.0589
"Oakland",6.94018,0.096444,7.916738,0.128472,0.41476,0.243928
"Oakland",6.906596,0.015752,4.088804,0.622876,0,0.074984
"Oakland",0.202312,0.017512,14.467188,0.43096,0.049192,0
"Oakland",0.115632,0.018216,13.696566,0.31708,0.07964,0
"Oakland",0.128656,0.023232,15.057258,0.347848,0.091432,0
"Oakland",16.248452,0,0.569388,0.42576,0,0.146308
"Oakland",0.1364,0.021912,16.249954,0.32236,0.0396,0.191956
"Oakland",0.139568,0.042152,20.291726,0.435292,0.054296,0.088848
"Oakland",0.120384,0.04004,11.742962,0.374172,0.041712,0.06816
"Oakland",0.134816,0.027984,15.090792,0.272032,0.055352,0.001936
"Oakland",0.143968,0.028512,20.829608,0.442668,0.11044,0.114596
"Oakland",0.134552,0.027544,16.617218,0.585452,0.0968,0.12356
"Oakland",0.133584,0.054296,17.907172,0.52506,0.053064,0.03908
"Oakland",6.203736,0,0.299992,0.382144,0,0.03432
"Oakland",0.142296,0.022352,21.127294,0.853908,0.03564,0.155572
"Oakland",0.122584,0.025696,10.094516,0.212424,0.160072,0.246288
"Oakland",0.134904,0.029304,15.588972,0.475076,0.06732,0.102324
"Oakland",0.120032,0.103592,10.082214,0.222396,0.378616,0.242324
"Oakland",0.130768,0.02728,15.885,0.452072,0.09416,0.081828
"Oakland",0.065736,0,3.462808,0.129472,0.04,0
"Oakland",0.142648,0.034056,19.064132,0.352248,0.045232,0.057816
"Oakland",0.12892,0.034848,20.34823,0.679388,0.052536,0.087324
"Oakland",0.135872,0.029392,17.28246,0.310656,0.045672,0.085676
"Oakland",0.12364,0.03608,19.23696,0.515976,0.081224,0.161956
"Oakland",8.693524,0.030976,2.591786,0.13992,0,0.080164
"Oakland",8.48242,0.026048,4.786138,0.218172,0,0.07032
"Oakland",8.30332,0.024288,4.60566,0.206696,0,0.07942
"Oakland",0.025168,0.001672,0.949454,0.03024,0.023268,0.0149
"Oakland",1.176208,0.00044,0.070702,0.024604,0,0.00616
"Oakland",0.118976,0.022352,10.395056,0.243364,0.044704,0.103452
"Oakland",0.155936,0.032032,21.139574,0.411096,0.107008,0.06304
"Oakland",0.438416,0.000352,0.321786,0.010596,0.003432,0.009876
"Sacramento",0.086252,0.0154,17.44983,0.541484,0.189092,0.039248
"Sacramento",0.110324,0.00704,23.571654,1.025568,0.322352,0.053532
"Sacramento",0.090368,0.01672,20.382582,0.837752,0.17952,0.01364
"Sacramento",0.08472,0.028072,18.183382,0.469792,0.14142,0.212904
"Sacramento",0.097064,0.044176,21.181666,1.30028,0.30656,0.068992
"Sacramento",16.11906,0.004312,4.486476,0.636984,0.019888,0.2912
"Sacramento",0.087448,0.015224,19.254754,0.338112,0.125996,0.115008
"Sacramento",0.09444,0.020328,16.911624,2.210744,0.25702,0.35186
"Sacramento",0.099912,0.013288,24.512626,1.587536,0.326576,0.080604
"Sacramento",0.085076,0.011792,17.51048,1.112288,0.05632,0.263376
"Sacramento",14.847644,0,5.798694,0.670084,0,0.275968
"Sacramento",0.090752,0.011264,16.864052,1.043604,1.04706,0.443608
"Sacramento",0.102556,0,19.674218,1.73554,0.411544,0.067056
"Sacramento",0,0.042448,0.42265,0.47344,0,0.011
"Sacramento",0.071964,0.026312,16.774554,2.670752,0.212768,0.1254
"Sacramento",10.2398,0.011528,5.250266,0.794464,0.140888,0.220492
"Sacramento",0.077488,0.017864,23.427868,0.582608,0.241792,0.128832
"Sacramento",10.8355,0.011264,4.82198,0.781892,0.123848,0.226836
"Sacramento",0.055424,0.013728,13.49912,0.62364,0.0705,0.127568
"Sacramento",0.046816,0.013904,16.471284,0.61024,0.144672,0.073168
"Sacramento",0.106048,0.01628,19.391666,0.702824,0.269792,0.105436
"Sacramento",10.063888,0.008976,5.429878,0.347988,0.33968,0.216216
"Sacramento",0.089772,0.027544,21.602778,0.483396,0.216528,0.115328
"Sacramento",0.100072,0.04224,20.264774,0.343616,0.1532,0.129916
"Sacramento",0.10728,0.012936,20.744466,2.068728,0.266052,0.225632
"Sacramento",0.090996,0.037136,20.935994,0.6874,0.33998,0.469232
"Sacramento",0.073784,0.019624,16.58812,0.374784,0.110636,0.081664
"Sacramento",0.092488,0.02552,15.73979,0.081572,0.0834,0.07048
"Sacramento",0.080376,0.047872,21.071622,1.1997,0.255252,0.111148
"Sacramento",0.178168,0.033352,18.008498,1.613284,0.22638,0.157348
"Sacramento",0.086468,0.029656,21.956876,1.149708,0.222848,0.280612
"Sacramento",0.124696,0.028248,23.85988,0.88058,0.202848,0.087664
"Sacramento",16.366476,0.00308,5.506018,0.67448,0.316272,0.374896
"Sacramento",0.067044,0.019648,14.629458,0.202908,0.1298,0.118444
"Sacramento",0.054684,0.021208,14.84279,0.15856,0.16304,0.104916
"Sacramento",0.0755,0.008448,18.839648,0.6473,0.069152,0.05832
"Sacramento",0.086704,0.021824,14.915164,0.546692,0.07968,0.113156
"Sacramento",0.085988,0.024024,23.051276,0.990612,0.142144,0.149424
"Sacramento",12.540432,0.005368,8.57136,1.235664,0.030976,0.340968
"Sacramento",0.102364,0.027192,27.689316,0.601404,0.108096,0.112904
"Sacramento",0.10256,0.010736,22.784224,0.9072,0.20328,0.064156
"Sacramento",0.036168,0.020064,12.877846,0.851344,0.089408,0.115832
"Sacramento",0.098196,0.031328,21.306028,1.182088,0.152608,0.308072
"Sacramento",0.09918,0.016192,17.5894,0.426124,0.224336,0.093896
"Sacramento",0.090308,0.020944,18.258562,0.592108,0.14784,0.069492
"Sacramento",0.0396,0.022792,15.506666,2.73048,0.097064,0.099812
"Sacramento",0.113244,0.016984,18.784958,0.880428,0.177188,0.107592
"Sacramento",0.054364,0.002904,10.394212,0.254148,0.658852,0.094392
"Sacramento",0.131068,0.031064,25.304596,0.955508,0.20842,0.246076
"Sacramento",0.083976,0.034408,19.808822,2.15586,0.156552,0.09558
"Sacramento",0.10018,0.18844,19.39553,0.92816,0.082544,0.073564
"Sacramento",0.09646,0.02904,19.618808,0.938108,0.167908,0.03868
"Sacramento",0.094132,0.023848,23.456552,1.363512,0.254312,0.087476
"Sacramento",0.073796,0.017864,16.516184,2.255776,0.11258,0.937504
"Sacramento",0.064048,0.021648,13.421192,0.178084,0.075504,0.108788
"Sacramento",0.088664,0.02728,17.175848,0.92824,0.1641,0.084164
"Sacramento",0.085668,0.041536,18.233226,0.33822,0.184628,0.09288
"Sacramento",0.086468,0.038808,15.62671,0.451032,0.132688,0.070192
"Sacramento",11.066044,0.005016,4.502868,0.654412,0.038104,0.22726
"Sacramento",0.09882,0.020592,20.80383,1.006528,0.231456,0.083992
"Sacramento",0.100316,0.014344,21.277454,0.668412,0.242792,0.062836
"Sacramento",0.082584,0.034936,20.256524,1.455652,0.246576,0.209624
"Sacramento",0.123384,0.03476,23.220628,0.423756,0.085448,0.167244
"Sacramento",0.051632,0.0176,10.969144,0.128012,0.13108,0.053144
"Sacramento",0.074016,0.012496,16.057464,1.036572,0.137256,0.19398
"Sacramento",0.078616,0.035552,16.546444,1.154932,0.215416,0.133452
"Sacramento",13.790984,0,0.428446,0.44122,0,0.27068
"Sacramento",0.14298,0.0176,26.575554,1.356904,1.581624,0.381304
"Sacramento",0.103316,0.020064,18.434002,0.689796,0.109364,0.106108
"Sacramento",0.103956,0.013728,9.809518,0.615332,0.113344,0.089176
"Sacramento",0.124064,0.04884,18.642574,0.76676,0.168924,0.012628
"Sacramento",0.102912,0.03168,15.999594,0.447472,0.146372,0.084208
"Sacramento",0.07478,0.017072,13.5173,0.276416,0.157592,0.32566
"Sacramento",0.119204,0.044528,21.273244,1.18932,0.15664,0.089304
"Sacramento",0.020328,0.008448,7.67151,0.374948,0.060984,0.06556
"Sacramento",0.091612,0.024112,14.643338,0.42426,0.630748,0.0904
"Sacramento",0.103372,0.02464,19.753064,0.514892,0.191048,0.004072
"Sacramento",0.089176,0.018832,17.05719,1.209892,0.082368,0.363512
"Sacramento",0.062288,0.0066,12.845454,0.171096,0.141664,0.058448
"Sacramento",0.084484,0.019712,15.564534,0.379632,0.23824,0.056556
"Sacramento",0.091628,0.022528,14.007836,0.336152,0.10766,0.115108
"Sacramento",0.120932,0.034584,17.736712,0.442532,0.195288,0.072012
"Sacramento",0.106648,0.017688,17.301512,0.380536,0.247076,0.14396
"Sacramento",0.097648,0.012584,19.230124,0.74732,0.216764,0.03972
"Sacramento",0.078628,0.011264,12.326162,0.591852,0.664244,0.261636
"Sacramento",0.06332,0.005456,11.289998,1.008824,0.123448,0.107708
"Sacramento",0.095968,0.029832,18.81203,0.726216,0.284304,0.37556
"Sacramento",0.091376,0.031064,15.118502,1.19278,0.07612,0.175868
"Sacramento",0.100788,0.020328,21.459716,1.409468,0.35638,0.152776
"Sacramento",0.091,0.030096,23.508684,0.667392,0.248328,0.13694
"Sacramento",0.093136,0.026312,19.005852,0.450728,0.157132,0.224492
"Sacramento",0.108928,0.02904,18.927756,0.782596,0.171356,0.048304
"Sacramento",0.08102,0.015664,22.004398,0.804168,0.180816,0.083424
"Sacramento",0.220972,0.016984,21.514074,1.153356,0.173096,0.102516
"Sacramento",0.117608,0.032296,23.50443,0.701028,0.166392,0.087252
"Sacramento",0.093072,0.0176,18.984758,1.415876,0.207588,0.092104
"Sacramento",0.06692,0.011704,16.751328,0.727056,0.087824,0.089936
"Sacramento",0.142624,0.014696,18.753364,2.280868,0.15576,0.094888
"Sacramento",0.073688,0.023724,12.775138,0.250092,0.079688,0.059192
"Sacramento",0.087056,0.025796,15.798604,0.207552,0.10146,0.130224
"Sacramento",0.07798,0.015928,12.62784,0.275388,0.112688,0.060548
"Sacramento",0.069184,0.026576,18.683046,0.572904,0.127372,0.17874
"Sacramento",0.114312,0.014872,22.383944,0.87054,0.22874,0.059372
"Sacramento",0.101444,0.02376,21.168952,0.848208,0.119204,0.088236
"Sacramento",0.112704,0.021384,20.86836,0.766956,0.230448,0.073768
"Sacramento",0.095496,0.030448,21.645248,0.60978,0.204908,0.214576
"Sacramento",0.084656,0.020416,16.224002,1.085896,0.02728,0.075916
"Sacramento",0.082596,0.011704,16.17049,0.747068,0.125752,0.117268
"Sacramento",0.108288,0.030184,20.402934,1.227408,0.250204,0.111144
"Sacramento",0.101248,0.022352,19.77626,0.973816,0.271392,0.195544
"Sacramento",0.073508,0.01276,14.974066,0.514048,0.18672,0.123476
"Sacramento",0.082184,0.01188,16.108156,0.286204,0.225724,0.122808
"Sacramento",0.098972,0.015048,22.927976,2.523544,0.332288,0.130976
"Sacramento",0.098348,0.020328,19.121862,0.515964,0.114008,0.139256
"Sacramento",0.0962,0.024464,18.030286,1.399268,1.094968,0.0385
"Sacramento",0.08228,0.008976,20.959522,0.897668,0.28124,0.2454
"Sacramento",0.103188,0.026048,20.551572,1.68152,0.2899,0.116092
"Sacramento",0.072896,0.008536,17.886524,0.64562,0.169568,0.154704
"Sacramento",0.098036,0.039072,16.485378,0.95502,0.175032,0.104496
"Sacramento",0.088356,0.015048,17.303508,0.859736,1.282688,0.107568
"Sacramento",0.04104,0.01804,9.943218,0.314444,0.09602,0.03368
"Sacramento",0.072464,0.03212,16.37628,0.69168,0.132616,0.139084
"Sacramento",0.084764,0.014872,15.840002,0.704756,0.128568,0.056536
"Sacramento",0.115304,0.016984,19.57808,0.7849,0.100588,0.01428
"Sacramento",0.068044,0.022176,13.392506,0.829748,0.05544,0.464248
"Sacramento",0.048752,0.015664,16.404994,1.673976,0.122672,0.075476
"Sacramento",0.095456,0.024464,19.080902,0.697472,0.08228,0.104116
"Sacramento",0.086992,0.02816,18.403496,0.682776,0.18888,0.105336
"Sacramento",0.044088,0.013728,14.39176,0.542796,0.030096,0.330964
"Sacramento",0.087368,0.006248,24.087954,0.406088,0.243232,0.07172
"Sacramento",0.042536,0.022264,9.492698,1.02872,0.038368,0.0805
"Sacramento",0.066516,0.028776,14.04443,0.710444,0.12282,0.151988
"Sacramento",0.08934,0.019976,18.17657,0.225316,0.167448,0.116864
"Sacramento",0.12486,0.039424,21.194042,1.227868,0.179872,0.114308
"Sacramento",0.077444,0.028336,18.080258,0.49246,0.169516,0.316532
"Sacramento",0.081212,0.021296,18.438982,2.232956,0.169956,0.973072
"Sacramento",0.04352,0.0176,11.196866,0.14768,0.055228,0.10734
"Sacramento",0.09064,0.026312,17.99845,0.308604,0.275824,0.1794
"Sacramento",0.089308,0.012936,24.054892,0.594596,0.646992,0.141592
"Sacramento",10.205796,0.008888,2.550626,0.451508,0.41462,0.199952
"Sacramento",0.082108,0.00968,19.450288,2.355496,0.150656,0.188584
"Sacramento",0.225928,0.031416,23.131424,0.59798,0.108768,0.151
"Sacramento",0.086496,0.019536,16.250514,0.515896,0.069344,0.13468
"Sacramento",0.063372,0.0404,16.157816,0.8637,0.056496,0.080164
"Sacramento",0.239576,0.007128,8.127008,0.332428,0.03168,0.051992
"Sacramento",0.086744,0.027456,13.744538,0.422424,0.083464,0.055992
"Sacramento",0.101764,0.008008,14.737918,1.728448,0.058784,1.021072
"Sacramento",0.035964,0.0154,7.68711,0.228984,0.02332,0.058112
"Sacramento",0.042164,0.024816,9.843572,0.241676,0.063476,0.066788
"Sacramento",0.190984,0.031328,16.250218,0.430032,0.081136,0.071688
"Sacramento",0.093108,0.027896,15.253276,0.634092,0.221512,0.08098
"Sacramento",0.128512,0.023144,17.770526,0.56,0.11,0.420708
"Sacramento",0.103084,0.017336,21.77541,0.761412,0.299724,0.064088
"Sacramento",0.064132,0.021736,14.94995,0.497876,0.116528,0.148324
"Sacramento",0.05348,0.020064,15.992274,0.80014,0.721692,0.138944
"Sacramento",0.059532,0.01936,14.386856,0.61784,0.187932,0.139032
"Sacramento",0.360448,0.018568,21.887858,0.89208,0.28958,0.1171
"Sacramento",0.105828,0.015664,19.665352,0.938272,0.114228,0.085108
"Sacramento",0.094676,0.014696,18.218222,0.818572,0.164828,0.023848
"Sacramento",0.052608,0.016368,8.651726,0.20528,0.069696,0.016376
"Sacramento",0.356164,0.028072,14.786168,0.40898,0.235748,0.08206
"Sacramento",0.046464,0.029216,15.69342,1.999712,0.314424,0.118112
"Sacramento",12.261,0.015312,4.936896,0.360036,0.305124,0.309744
"Sacramento",9.2986,0.003168,5.529882,0.557632,0.046728,0.190108
"Sacramento",9.287704,0.003784,5.071656,0.584484,0.043384,0.186684
"Sacramento",15.921484,0.009592,5.412364,0.585848,0.407516,0.392944
"Sacramento",0.071048,0.008976,18.422444,0.422516,0.20116,0.073312
"Sacramento",0.09382,0.03476,18.9183,0.211948,0.167212,0.080328
"Sacramento",0.070044,0.020592,22.011172,1.135604,0.139968,0.026224
"Sacramento",0.069504,0.03784,18.516834,0.619488,0.2485,0.055544
"Sacramento",0.064576,0.04444,13.056148,2.331292,0.090904,0.21592
"Sacramento",0.208932,0.010296,18.06681,1.565248,0.074272,0.057628
"Sacramento",0.121864,0.044264,22.916144,0.830908,0.213784,0.299376
"Sacramento",0.085496,0.025344,18.97639,0.80908,0.132088,0.047116
"Sacramento",0.037928,0.018392,14.88995,1.181928,0.25782,0.188904
"Sacramento",14.327712,0.004312,0.41049,0.317576,0,0.231492
"Sacramento",9.105768,0.008624,5.272672,0.517848,0.089768,0.144276
"Sacramento",0.090708,0.034936,24.246676,0.653404,0.239592,0.068996
"Sacramento",0.077228,0.012408,17.554558,0.807856,0.176672,0.09478
"Sacramento",0.084452,0.031152,15.759332,0.941864,0.27894,0.308516
"Sacramento",0.754732,0,21.585592,0.793556,0.346036,0.175892
"Sacramento",0.681792,0.029216,20.040506,2.034348,0.1474,0.664152
"Sacramento",0.073784,0.01496,17.432866,0.512336,0.19128,0.140656
"Sacramento",0.074272,0.062656,20.328514,0.596548,0.11798,0.089944
"Sacramento",0.111048,0.04796,25.590448,0.388892,0.24776,0.021032
"Sacramento",0.139952,0.017424,19.42925,0.250732,0.119892,0.126808
"Sacramento",0.074432,0.02816,13.372912,0.3217,0.19044,0.077828
"Sacramento",0.08008,0.008272,16.65255,0.782928,0.149952,0.057124
"Sacramento",0.067416,0.0088,16.297592,0.798892,0.129172,0.107164
"Sacramento",0.07138,0.013112,12.769728,0.500336,0.096208,0.073564
"Sacramento",0.099632,0.066,19.24961,0.807748,0.134728,0.387848
"Sacramento",0.063464,0.010736,15.69585,0.906668,0.726848,0.011464
"Sacramento",0.067724,0.021736,11.420558,0.503912,0.065596,0.048576
"Sacramento",0.112032,0.01672,23.1002,1.10524,0.215704,0.280088
"Sacramento",0.08008,0.016632,19.223974,0.756892,0.24116,0.071596
"Sacramento",0.08744,0.012408,17.831758,1.8325,0.239364,0.075744
"Sacramento",0.082228,0.027456,20.640892,0.66342,0.12232,0.170664
"Sacramento",0.057168,0.027544,12.435018,0.43168,0.479688,0.164664
"Sacramento",0.058112,0.017248,9.96863,0.1667,0.062464,0.173212
"Sacramento",0.082012,0.00572,18.291842,1.567648,0.21842,0.181544
"Sacramento",0.07946,0.009944,17.38207,1.13944,0.264452,0.17158
"Sacramento",0.085908,0.031064,21.66465,0.759192,0.270984,0.044908
"Sacramento",0.257776,0.081576,12.458526,0.489376,0.02992,0.060992
"Sacramento",0.091868,0.03124,17.47731,0.316128,0.088856,0.083864
"Sacramento",0.112236,0.018744,19.317848,0.577248,0.124776,0.118196
"Sacramento",0.079476,0.045672,19.8209,0.3069,0.07348,0.088284
"Sacramento",12.871416,0.007568,4.323942,0.624564,0.033232,0.209752
"Sacramento",0.081664,0.03564,14.804398,0.362488,0.193084,0.08124
"Sacramento",0.067436,0.050056,17.48659,0.976244,0.135432,0.25428
"Sacramento",0.103468,0.012232,18.431274,0.758692,0.205588,0.043744
"Sacramento",0.06804,0.02156,10.905136,0.091916,0.041,0.070744
"Sacramento",0.091384,0.012232,18.780382,0.680616,0.213888,0.047012
"Sacramento",9.796228,0.006864,3.178472,0.319248,0.00792,0.195492
"Sacramento",0.082476,0.030096,21.328954,0.892036,0.204092,0.14658
"Sacramento",0.121608,0.0264,21.642914,0.919908,0.063448,0.093808
"Sacramento",0.043296,0.017688,14.308934,0.809796,0.036696,0.13718
"Sacramento",11.948272,0.012584,5.622994,0.971984,0,0.24978
"Sacramento",0.09032,0.025784,20.841254,0.811556,0.168556,0.09768
"Sacramento",0.066992,0.022968,16.52827,0.4332,0.297948,0.232984
"Sacramento",0.1107,0.020416,18.832768,0.431856,0.077088,0.098552
"Sacramento",0.075252,0.01804,15.305594,0.577444,0.14608,0.017472
"Sacramento",0.052872,0.01628,14.311342,1.329352,0.078596,0.115352
"Sacramento",14.464064,0.009328,5.990614,1.391656,0.038896,0.312164
"Sacramento",0.105592,0.01628,19.295242,0.465292,0.10144,0.180164
"Sacramento",0.071056,0.0176,14.146356,0.813292,0.065648,0.124972
"Sacramento",0.031504,0.020592,14.687584,0.427416,0.042592,0.097912
"Sacramento",0.096328,0.02376,14.044412,0.478452,0.338864,0.118672
"Sacramento",0.079624,0.032032,12.405362,0.33586,0.063008,0.040968
"Sacramento",0.04798,0.01848,11.134406,0.77218,0.0748,0.086212
"Sacramento",0.107904,0.020944,23.87939,1.646368,0.246932,0.064956
"Sacramento",0.030536,0.015224,12.06085,0.281812,0.038984,0.067528
"Sacramento",0.076896,0.011352,20.104026,0.578404,0.196116,0.576952
"Sacramento",0.056108,0.024464,10.084166,0.50698,0.088268,0.173084
"Sacramento",0.094268,0.012848,22.050064,0.830092,0.297752,0.094864
"Sacramento",0.245756,0.016192,18.23356,0.245924,0.058256,0.202244
"Sacramento",0.114648,0.048752,19.88989,0.846104,0.223092,0.166124
"Sacramento",0.059908,0.043296,15.522206,0.460888,0.12672,0.08756
"Sacramento",0.054128,0.017688,11.388004,0.771344,1.005732,0.069548
"Sacramento",0.18464,0.061952,17.957188,1.227424,0.137984,0.10936
"Sacramento",0.103356,0.012144,21.501078,0.673588,0.116072,0.058336
"Sacramento",0.076052,0.037312,15.039042,0.299908,0.085448,0.107104
"Sacramento",0.068952,0.01936,12.456786,0.67128,0.149444,0.13998
"Sacramento",0.081576,0.025168,20.300712,0.16492,0.132176,0.087528
"Sacramento",18.918188,0.002464,0.600702,0.927436,0.1982,0.3711
"Sacramento",0.08086,0.006512,15.985604,0.769856,0.196796,0.07098
"Sacramento",0.10646,0.015312,14.870238,0.494812,0.131544,0.035816
"Sacramento",0.079152,0.03572,19.366058,0.866796,0.060192,0.186012
"Sacramento",0.12762,0.021912,22.868822,1.174488,0.325292,0.055968
"Sacramento",0.094288,0.015488,15.533498,0.535872,0.09218,0.15158
"Sacramento",0.158496,0.021296,20.419392,1.966492,0.2069,0.184176
"Sacramento",0.068768,0.0176,13.294416,0.775712,0.083952,0.109232
"Sacramento",0.065708,0.020064,13.568452,0.1863,0.3485,0.06442
"Sacramento",0.128068,0.022616,13.487658,1.215792,0.146696,0.189308
"Sacramento",0.078988,0.026312,12.132274,0.081928,0.164588,0.074
"Sacramento",0.069708,0.006864,18.92369,0.907308,0.120736,0.157696
"Sacramento",16.345472,0.002376,0.467324,0.34208,0,0.288748
"Sacramento",0.050952,0.011264,17.202778,1.731492,0.118272,0.069844
"Sacramento",0.081864,0.008624,16.784308,0.352232,0.071472,0.169168
"Sacramento",0.07874,0.012144,13.451968,0.463976,2.244484,0.220704
"Sacramento",0.060796,0.009064,15.989232,0.528276,0.09008,0.096448
"Sacramento",10.864888,0.01056,6.121266,0.64016,0.03828,0.189796
"Sacramento",0.0959,0.0528,19.047984,1.478808,0.085884,0.196908
"Sacramento",0.07272,0.016368,16.891638,0.362296,0.140624,0.05574
"Sacramento",0.094288,0.018216,15.678114,0.241444,0.056056,0.075444
"Sacramento",0.110372,0.013024,19.039594,0.326564,0.215604,0.306776
"Sacramento",0.120648,0.017688,20.294834,0.652912,0.225492,0.016456
"Sacramento",0.085672,0.034672,22.026668,0.969364,0.151912,0.07338
"Sacramento",0.101588,0.035112,15.984078,0.503576,0.676544,0.135264
"Sacramento",0.131672,0.020416,12.39056,0.671604,0.135828,0.115928
"Sacramento",0.05344,0.00968,12.180344,0.36786,0.110008,0.061008
"Sacramento",0.106592,0.012408,18.549314,0.685756,0.121128,0.15752
"Sacramento",0.066312,0.011528,11.48092,0.25854,0.199936,0.088064
"Sacramento",0.131876,0.023848,22.70239,0.803404,0.191488,0.072584
"Sacramento",0.058636,0.030272,13.058362,0.404156,0.052448,0.049164
"Sacramento",0.091544,0.032648,14.805244,0.632624,0.04796,0.0731
"Sacramento",9.545236,0.02844,7.171798,0.429068,0.06424,0.273228
"Sacramento",0.09672,0.02244,20.915678,0.594,0.202224,0.082112
"Sacramento",0.1054,0.034408,20.837516,1.271556,0.188056,0.077608
"Sacramento",0.097532,0.01144,22.37131,0.938808,0.143616,0.06946
"Sacramento",0.096972,0.031768,19.246494,0.505864,0.148808,0.016
"Sacramento",0.058184,0.024552,14.89829,0.37364,0.100144,0.151212
"Sacramento",0.097348,0.01364,16.988726,0.930288,0.082984,0.063712
"Sacramento",0.08922,0.012496,16.781708,0.561196,0.1854,0.068916
"Sacramento",0.143412,0.037928,21.335756,0.72238,0.210956,0.077108
"Sacramento",0.061452,0.024376,15.72239,1.183888,0.073216,0.301656
"Sacramento",0.090344,0.042768,15.823644,0.1764,0.04928,0.065596
"Sacramento",0.088056,0.017512,20.268268,1.259388,0.162624,0.172908
"Sacramento",0.098588,0.018744,17.841022,0.203124,0.149812,0.08706
"Sacramento",0.054708,0.008976,13.229878,0.464412,0.126632,0.115016
"Sacramento",0.058008,0.006248,16.54232,1.574712,0.15972,0.190608
"Sacramento",0.079848,0.033968,21.008328,0.76612,0.117568,0.189744
"Sacramento",0,0.017336,0.490454,0.560376,0,0.0183
"Sacramento",0.063032,0.024376,13.716436,0.358608,0.066352,0.096884
"Sacramento",0.094352,0.073744,18.641746,0.362552,0.105852,0.083816
"Sacramento",0.086052,0.02376,21.965452,0.56046,0.168892,0.071156
"Sacramento",0.089348,0.041976,19.49208,1.028352,0.132152,0.181964
"Sacramento",0.101852,0.071544,17.471464,1.153508,0.379048,0.146216
"Sacramento",21.033636,0.002816,0.711804,0.853468,0.031504,0.354464
"Sacramento",0.064552,0.034144,11.343044,0.872164,0.176152,0.11982
"Sacramento",0.131672,0.01936,21.454138,0.974732,0.100144,0.151764
"Sacramento",0.102184,0.017248,21.04366,0.924388,0.257984,0.091608
"Sacramento",0.095076,0.014168,19.2086,1.015088,0.299004,0.154368
"Sacramento",23.679824,0.007128,10.401308,1.08998,0.902012,0.541876
"Sacramento",0.715708,0.029832,16.888974,1.2703,0.093896,0.102872
"Sacramento",0.042136,0.012408,8.871038,0.507604,0.095556,0.1012
"Sacramento",0.091824,0.023688,18.18309,0.565952,0.112088,0.341584
"Sacramento",0.123112,0.008008,19.681804,0.417788,0.187704,0.087452
"Sacramento",0.111076,0.03168,23.23743,0.701072,0.283012,0.126924
"Sacramento",0.052272,0.035992,18.063072,1.796816,0.154176,0.118444
"Sacramento",0.076636,0.042768,14.449486,0.650208,0.092616,0.158804
"Sacramento",0.08298,0.027984,19.13977,0.3968,0.195732,0.053536
"Sacramento",0.08436,0.016544,18.808396,0.501172,0.103992,0.226488
"Sacramento",0.097716,0.018568,18.105592,0.252456,0.412444,0.185484
"Sacramento",0.088136,0.009416,19.100014,2.349152,0.725808,0.065528
"Sacramento",0.075664,0.019712,11.161902,0.72468,0.160328,0.082232
"Sacramento",0.047432,0.024112,15.50229,0.491844,0.427856,0.117744
"Sacramento",0.094716,0.012232,16.518218,0.650044,0.095128,0.10472
"Sacramento",0.076088,0.020944,11.854742,0.3454,0.108848,0.056236
"Sacramento",0.067232,0.0132,17.904726,1.631552,0.234348,0.080252
"Sacramento",0.08156,0.04004,16.63203,0.318204,0.119852,0.2028
"Sacramento",0.062332,0.017424,14.0761,0.80298,0.137104,0.075944
"Sacramento",0.064812,0.02024,18.258176,0.440536,0.180572,0.079668
"Sacramento",0.083188,0.038984,23.049986,0.855616,0.147488,0.091924
"Sacramento",0.135544,0.01716,31.989792,1.127088,0.37952,0.094476
"Sacramento",0.06634,0.028688,17.11182,1.03516,0.967584,0.129328
"Sacramento",0.105144,0.03256,27.623444,0.705732,0.253044,0.097248
"Sacramento",0.085168,0.013992,17.23831,0.632816,0.192752,0.11932
"Sacramento",0.041712,0.027896,16.265632,0.785824,0.114136,0.05104
"Sacramento",0.071548,0.016016,17.399156,0.411508,0.153284,0.089804
"Sacramento",0.053424,0.027804,11.336246,0.096616,0.118908,0.093984
"Sacramento",0.101312,0.036344,16.425816,0.53314,0.109764,0.387352
"Sacramento",0.070488,0.031064,12.939394,0.36988,0.098772,0.022848
"Sacramento",0.066948,0.012584,11.584692,0.88222,0.131364,0.11074
"Sacramento",0.150004,0.036168,22.411252,0.458356,0.202928,0
"Sacramento",0.077732,0.040216,17.029606,0.123368,0.462712,0.084112
"Sacramento",0.097016,0.04004,17.754964,0.338652,0.097868,0.0839
"Sacramento",0.089532,0.038632,19.785846,0.835004,0.177744,0.022
"Sacramento",0.149116,0.020416,17.146086,1.241768,0.128216,0.207372
"Sacramento",0.07298,0.12322,14.71705,0.288428,0.168748,0.1065
"Sacramento",0.100736,0.035992,21.405034,0.339688,0.21708,0.01776
"Sacramento",0.087228,0.03872,15.73225,1.12162,0.311924,0.075668
"Sacramento",0.052392,0.0242,10.137166,0.550228,0.100424,0.079204
"Sacramento",0.109312,0.01496,21.708606,0.919844,0.27672,0.128304
"Sacramento",0.098612,0.064064,16.309522,0.942868,0.899976,0.075848
"Sacramento",0.039876,0.00968,10.929536,0.187712,0.046916,0.046764
"Sacramento",0.093184,0.032296,17.70051,0.464288,0.165804,0.1917
"Sacramento",12.78846,0.00352,3.947694,1.248344,0.026464,0.278188
"Sacramento",0.060684,0.003344,3.07223,0.135212,0.010384,0.112836
"Sacramento",0.100176,0.022616,20.06281,1.230236,0.278164,0.753084
"Sacramento",0.125032,0.021912,18.069372,0.95394,0.376044,0.20868
"Sacramento",0.123168,0.045936,19.15307,0.289512,0.111556,0.085872
"Sacramento",0.10912,0.015136,15.27923,3.06278,0.14916,0.340108
"Sacramento",0.105244,0.060896,19.407838,0.241388,0.198968,0.166728
"Sacramento",0.090592,0.023496,19.474504,0.542692,0.132764,0.190928
"Sacramento",0.088068,0.030096,17.70512,0.24316,0.138928,0.206876
"Sacramento",18.297544,0.007832,6.400968,0.827412,0.02508,0.417568
"Sacramento",0.06552,0.16538,15.244832,0.345964,0.110784,0.039864
"Sacramento",0.061776,0.02772,19.619406,0.615572,0.109472,0.186516
"Sacramento",0.05456,0.045584,18.415598,0.409744,0.154008,0.0164
"Sacramento",0.085476,0.020152,20.395432,0.893256,0.160336,0.107316
"Sacramento",0.190704,0.03212,22.510724,1.810124,0.186208,0.431844
"Sacramento",0.06656,0.010736,15.330296,1.730228,0.166948,0.0049
"Sacramento",0.077692,0.056584,19.082088,0.645904,0.131824,0.075708
"Sacramento",0.07594,0.042416,18.358714,0.46258,0.180876,0.07546
"Sacramento",0.146348,0.0837,26.621768,2.629488,0.13112,0.508944
"Sacramento",0.023948,0,0.992466,0.107684,0,0.11456
"Sacramento",0.124128,0.015312,20.717966,0.592804,0.293316,0.109308
"Sacramento",0.120304,0.027456,21.96306,0.70276,0.166628,0.218072
"Sacramento",0.124064,0.011528,14.799196,1.200448,0.056408,0.10966
"Sacramento",0.084228,0.047432,14.44647,0.094716,0.08308,0.088724
"Sacramento",0.065964,0.007216,14.11253,0.456952,0.157024,0.132768
"Sacramento",0.089956,0.022616,18.605398,2.065388,0.167552,0.12892
"Sacramento",0.11378,0.024552,19.88183,1.221708,0.178816,0.078072
"Sacramento",0.030624,0.027456,9.533606,0.967148,0.08096,0.017776
"Sacramento",0.094632,0.028688,16.567914,0.18188,0.097172,0.09566
"Sacramento",0.085532,0.01452,16.173992,0.521336,0.186596,0.061856
"Sacramento",0.139784,0.01144,14.98855,0.368264,2.635688,0.17292
"Sacramento",0.02928,0.01496,7.41739,0.150804,0.057904,0.005476
"Sacramento",0.091764,0.016632,15.219846,0.857672,0.20878,0.15856
"Sacramento",0.06374,0.013904,14.663986,1.21098,0.193016,0.072852
"Sacramento",0.091436,0.02376,19.415212,1.018348,0.159632,0.346788
"Sacramento",4.142376,0.001672,0.962338,0.053904,0,0.061456
"Sacramento",0.08816,0.010912,17.652838,1.178296,0.199264,0.07256
"Sacramento",19.695348,0.006864,0.649754,1.805688,0.003344,0.410248
"Sacramento",0.103556,0.006512,20.281504,0.824024,0.162976,0.067408
"Sacramento",0.121064,0.024728,18.99669,1.944952,0.253468,0.160112
"Sacramento",0.059984,0.014256,14.478204,0.458228,0.08042,0.114048
"Sacramento",21.250108,0,5.148866,0.696664,0,0.331796
"Sacramento",0.114404,0.025432,28.431238,1.291404,0.389908,0.196064
"Sacramento",18.806728,0.016016,6.337628,1.223696,0.038104,0.361088
"Sacramento",0.07588,0.040304,15.414222,0.635812,0.232288,0.091448
"Sacramento",0.08586,0.03916,19.613496,1.071244,0.084392,0.268556
"Sacramento",0.109992,0.028336,25.690818,0.474788,0.215432,0.058972
"Sacramento",0.089192,0.019536,17.842406,0.8632,0.042064,0.28784
"Sacramento",0.048276,0.017952,10.983934,0.071956,0.119944,0.069024
"Sacramento",0.062396,0.03124,20.52341,0.654332,0.114128,0.123572
"Sacramento",11.365096,0.004576,4.756166,0.622824,0.03916,0.225556
"Sacramento",12.633524,0.003696,4.813132,0.659344,0.04048,0.251816
"Sacramento",0.007232,0.028248,3.582032,0.160712,0.040568,0.092312
"Sacramento",0.108268,0.009592,22.304692,1.121784,0.339104,0.057944
"Sacramento",0.082908,0.022616,17.015164,0.753796,0.086776,0.07486
"Sacramento",0.094676,0.028336,22.651228,0.263744,0.140848,0.106228
"Sacramento",0.120648,0.019976,22.661576,1.1419,1.84172,0.139452
"Sacramento",0.10622,0.0198,21.621396,1.427604,0.384488,0.280896
"Sacramento",0.10702,0.015664,22.829464,0.925516,0.184248,0.23762
"Sacramento",16.22792,0.010296,5.95471,0.862348,0.02024,0.36534
"Sacramento",14.05552,0.004136,4.675876,0.736584,0,0.259128
"Sacramento",0.10286,0.04796,20.349952,0.509652,0.172012,0.127744
"Sacramento",13.259488,0.006864,0.606802,1.637372,0.097592,0
"Sacramento",0.126632,0.045496,28.78027,1.512652,0.23576,0.268136
"Sacramento",0.087416,0.027896,22.596644,0.629384,0.217308,0.182652
"Sacramento",0.10608,0.018744,21.553662,0.82866,0.355832,0.16118
"Sacramento",0.072492,0.019008,21.089288,0.72838,0.12,0.07964
"Sacramento",0.05422,0.011616,15.473372,1.045312,0.247452,0.27588
"Sacramento",0.087588,0.028512,16.095896,0.63,0.08902,0.066504
"Sacramento",1.157268,0.017512,17.785482,1.262744,0.395784,0.162524
"Sacramento",0.093,0.026136,19.589186,1.148884,0.167376,0.09252
"Sacramento",0.103668,0.02816,18.784364,0.92536,0.251488,0.081056
"Sacramento",0.10644,0.011264,24.805022,1.153724,0.365592,0.172392
"Sacramento",0.060404,0.034892,14.593048,0.516892,0.094512,0.037976
"Sacramento",0.0903,0.039048,18.354954,0.587764,0.125136,0.071884
"Sacramento",0.085936,0.012232,16.231822,0.352516,0.179216,0.15868
"Sacramento",0.07402,0.016984,12.464518,0.341616,0.231308,0.031108
"Sacramento",0.1009,0.011,19.46481,0.760888,0.117244,0
"Sacramento",0.07768,0.026928,19.411066,0.826428,1.655276,0.04034
"Sacramento",0.073508,0.028864,18.085202,0.480284,0.146168,0.07172
"Sacramento",0.047256,0.022704,17.330338,3.758608,0.111056,0.081652
"Sacramento",0.143604,0.03564,21.861068,0.88758,0.054912,0.015676
"Sacramento",0.096992,0.014696,18.137688,0.470708,0.081164,0.098208
"Sacramento",0.080848,0.023584,19.113742,0.554864,0.120572,0.16848
"Sacramento",0.102904,0.012496,11.274434,0.846276,0.157532,0.108588
"Sacramento",0.136064,0,0.27984,0,0.201732,0.0155
"Sacramento",0.0986,0.020064,20.679586,1.122772,0.077088,0.093856
"Sacramento",0.079092,0.017952,18.36358,0.202248,0.056408,0.089764
"Sacramento",0.067604,0.008448,13.097358,0.471364,0.157716,0.068328
"Sacramento",0.092756,0.028688,17.534222,0.460412,0.198616,0.072552
"Sacramento",0.092892,0.02728,14.892716,0.593928,0.092048,0.0089
"Sacramento",0.065296,0.029744,18.40439,2.143688,0.18172,0.18842
"Sacramento",0.063624,0.02684,15.118464,1.00676,0.203368,0.07104
"Sacramento",0.0665,0.043384,12.561164,0.196676,0.068376,0.060604
"Sacramento",0.0552,0.020416,9.018678,0.122564,0.099268,0.05142
"Sacramento",0.131048,0.019976,20.714714,1.386408,0.2656,0.3656
"Sacramento",0.097256,0.019976,22.21715,0.221784,0.173244,0.194068
"Sacramento",0.12894,0.037312,20.434552,1.299724,0.217972,0.106592
"Sacramento",0.10016,0.01716,21.719474,1.027456,0.229076,0.152772
"Sacramento",0.07914,0.044088,15.189344,0.498164,0.056496,0.067704
"Sacramento",0.05286,0.014344,13.889584,0.432524,0.13196,0.043296
"Sacramento",13.687468,0.008624,6.077088,1.106968,0.974336,0.315656
"Sacramento",0.203376,0.029216,18.993458,0.714156,0.234608,0.079132
"Sacramento",0.170544,0.032472,19.587052,0.415284,0.06996,0.176216
"Sacramento",13.297344,0.005456,5.06632,0.505964,0.042152,0.26582
"Sacramento",0.202904,0.029216,19.591572,0.238544,0.057112,0.093664
"Sacramento",0.032912,0.023408,10.67609,0.647912,0.021912,0.069124
"Sacramento",0.055904,0.033704,14.878608,0.183852,0.226636,0.069704
"Sacramento",0.113992,0.01188,18.487428,1.472464,0.394628,0.23818
"Sacramento",0.079116,0.018392,22.28003,0.443224,0.25918,0.055264
"Sacramento",0.099892,0.031416,19.391272,0.318032,0.158728,0.105632
"Sacramento",0.09332,0.014872,17.413166,0.93048,0.164736,0.226084
"Sacramento",0.095652,0.010824,20.976066,0.88332,0.252192,0.065548
"Sacramento",0.084008,0.037576,18.022908,0.168744,0.340248,0.07494
"Sacramento",0.10464,0.02068,17.12254,0.64616,0.10208,0.13015
"Sacramento",0.108116,0.0308,11.185034,0.332504,0.083776,0.052036
"Sacramento",0.120144,0.023056,21.769664,0.836596,0.21974,0.10396
"Sacramento",0.079,0.014696,18.2513,1.176988,0.078496,0.121116
"Sacramento",0.093904,0.040744,20.756442,0.526132,0.180364,0.106492
"Sacramento",0.043912,0.018304,15.212628,0.722028,0.067144,0.102108
"Sacramento",0.022528,0.766828,8.520994,1.405724,0.031856,0.089764
"Sacramento",0.085276,0.076648,18.363698,0.819508,0.181556,0.027192
"Sacramento",0.038808,0.009064,12.68351,0.50542,0.027808,0.111848
"Sacramento",0.063492,0.024992,12.465968,0.442744,0.091872,0.046772
"Sacramento",0.169716,0.022176,23.579298,0.805648,0.319484,0.065804
"Sacramento",0.054336,0.024992,15.523114,0.67444,0.107672,0.050664
"Sacramento",0.096304,0.044968,18.696724,0.661716,0.146904,0.155672
"Sacramento",0.14494,0.035288,26.18411,1.108164,0.366548,0.238316
"Sacramento",0.116912,0.016456,20.29331,2.019996,0.37306,0.198552
"Sacramento",0.037756,0.006864,8.556786,0.362236,0.058088,0.086232
"Sacramento",0.054448,0.024904,15.19826,1.400792,0.161072,0.2367
"Sacramento",0.088112,0.016984,17.927752,0.64986,0.08758,0.083776
"Sacramento",0.085192,0.016632,15.99608,0.429736,0.175776,0.08592
"Sacramento",0.097156,0.01452,18.793778,0.714436,0.222224,0.045936
"Sacramento",0.05974,0.052624,15.810036,0.2507,0.089928,0.120944
"Sacramento",10.450724,0.00528,2.744318,0.882216,0.01232,0.165792
"Sacramento",0.10066,0.02464,16.316186,0.519852,0.221736,0.444868
"Sacramento",9.76882,0.013816,4.298538,0.499728,0.050672,0.192408
"Sacramento",0.091084,0.04532,18.187648,0.638284,0.190024,0.080972
"Sacramento",0.0807,0.01936,18.700176,0.69786,0.078752,0.131364
"Sacramento",0.085004,0.030888,14.53089,0.876652,0.638352,0.08364
"Sacramento",0.092664,0.007832,14.707,0.31736,0.075592,0.100732
"Sacramento",0.0743,0.014432,13.73203,0.679096,0.048664,0.04
"Sacramento",0.06978,0.017424,10.485126,0.311636,0.060368,0.09368
"Sacramento",0.07518,0.019324,7.68034,0.162124,0.050072,0.069544
"Sacramento",0.083616,0.013376,9.371566,0.358652,0.03696,0.040444
"Sacramento",0.110644,0.01804,17.6438,0.32316,0.068552,0.150224
"Sacramento",0.095704,0.027368,18.204904,0.588544,0.103736,0.03616
"Sacramento",0.068404,0.025696,17.257512,0.556792,0.145436,0.093868
"Sacramento",0.068088,0.037648,10.204024,0.947836,0.073832,0.099484
"Sacramento",0.102608,0.04752,16.87167,0.690356,0.08428,0.200216
"Sacramento",0.069736,0.022176,11.98828,1.017404,0.073944,0.256004
"Sacramento",0.179852,0.015488,25.200902,1.296156,0.32632,0.082748
"Sacramento",7.81376,0.006424,3.323074,0.25008,0.046828,0.15876
"Sacramento",0.127212,0.015312,18.600844,2.12984,0.310324,0.121044
"Sacramento",0.103588,0.032648,16.317734,0.3871,0.08096,0.06864
"Sacramento",0.268812,0.01408,22.920288,0.626448,0.743336,0.246308
"Sacramento",0.07476,0.013816,18.885344,0.635516,0.177148,0.186472
"Sacramento",0.078116,0.015664,15.608834,1.811836,0.163236,0.105772
"Sacramento",0.050496,0.007216,10.79109,1.654308,0.156424,0.1241
"Sacramento",0.100588,0.015224,15.935734,1.237332,0.280008,0.207772
"Sacramento",20.670092,0.003344,7.518642,1.323244,0.164672,0.513608
"Sacramento",0.088144,0.017424,17.19595,0.157048,0.121172,0.079148
"Sacramento",0.097152,0.018392,18.488964,0.764688,0.236032,0.188284
"Sacramento",0.058108,0.01892,17.970432,0.82808,0.058944,0.116044
"Sacramento",0.069468,0.023408,13.83437,0.186704,0.077592,0.103428
"Sacramento",0.117512,0.02948,18.33009,0.605716,0.110704,0.103624
"Sacramento",0.26324,0.026576,19.981728,0.980616,0.075944,0.167756
"Sacramento",0.096036,0.021824,16.016488,0.531388,0.13618,0.043184
"Sacramento",0.101108,0.070048,22.960962,1.176384,0.179784,0.22506
"Sacramento",0.090636,0.011,19.786488,0.881796,0.171188,0.302568
"Sacramento",0.101968,0.034672,18.575472,0.273064,0.068992,0.163028
"Sacramento",0.09294,0.015224,18.07601,1.933252,0.212772,0.18486
"Sacramento",0.102556,0.002904,19.234854,0.221952,0.120944,0.126912
"Sacramento",0.055948,0.022704,15.212074,0.89174,0.056992,0.164824
"Sacramento",0.196444,0.005984,12.96415,0.3934,0.1426,0.049456
"Sacramento",0.088696,0.025872,18.92292,1.07152,0.15356,0.068516
"Sacramento",0.073712,0.03168,13.231136,0.596668,0.045232,0.113436
"Sacramento",0.078864,0.022264,18.591118,0.743784,0.143064,0.068992
"Sacramento",0.107472,0.008272,16.401852,1.902988,0.274936,0.103168
"Sacramento",0.07392,0.011088,15.873036,0.424252,0.188936,0.041712
"Sacramento",0.071348,0.020416,17.78023,2.383452,0.151536,0.203628
"Sacramento",0.08886,0.0242,17.558996,0.560576,0.233552,0.20376
"Sacramento",0.083708,0.015664,17.628314,0.83458,0.100844,0.142644
"Sacramento",0.117376,0.008536,19.457614,0.9477,0.264952,0.14328
"Sacramento",0.104636,0.023232,20.724544,0.855772,0.29044,0.027352
"Sacramento",0.088428,0.02816,19.666764,0.51996,0.203104,0.423052
"Sacramento",0.109708,0.037664,22.909838,0.498756,0.344196,0.114644
"Sacramento",0.362368,0.020064,22.368668,0.696768,0.440768,0.118624
"Sacramento",0.075504,0.017688,21.794738,0.89784,0.270096,0.041536
"Sacramento",0.10132,0.015488,19.64615,0.709088,0.192088,0.210144
"Sacramento",0.0946,0.02596,16.627236,1.160108,0.157824,0.34512
"Sacramento",0.103152,0.015928,18.247414,0.642348,0.28944,0.156864
"Sacramento",0.15048,0.019096,15.96748,0.495416,0.083512,0.06474
"Sacramento",6.482172,0.004048,3.38912,0.608712,0.020968,0.146432
"Sacramento",0.45536,0.00836,11.660596,0.850044,0.12452,0.065588
"Sacramento",0.113536,0.007656,15.744344,1.202708,0.240152,0.106408
"Sacramento",0.104352,0.01584,21.235338,1.044224,0.270728,0.01056
"Sacramento",0.063924,0.011968,14.768184,0.519072,0.148188,0.115192
"Sacramento",0.0776,0.018304,18.262044,1.006384,0.196056,0.342708
"Sacramento",0.08064,0.022616,20.114836,0.576632,0.256756,0.11396
"Sacramento",0.068424,0.028072,14.670322,0.71366,0.07434,0.084108
"Sacramento",0.06846,0.0154,20.17595,0.401536,0.218652,0.045336
"Sacramento",0.046816,0.017336,17.391032,0.581756,0.079112,0.026928
"Sacramento",0.10776,0.015136,20.383568,2.402564,0.249684,0.188996
"Sacramento",0.056676,0.107452,9.194976,0.853016,0.135696,0.072152
"Sacramento",18.273288,0.005544,7.409036,1.519164,0.060104,0.369996
"Sacramento",0.350256,0.0154,20.814142,1.429236,0.052536,0.068184
"Sacramento",0.114132,0.022088,16.902816,1.002452,0.207748,0
"Sacramento",0.102848,0.030624,24.6371,0.822096,0.205704,0.021384
"Sacramento",0.094536,0.026576,17.731236,1.215704,0.219744,0.133324
"Sacramento",0.077544,0.023144,17.985684,0.867972,0.192508,0.057312
"Sacramento",0.063608,0.028688,18.368928,1.057272,0.197176,0.123468
"Sacramento",11.763496,0.010648,4.955284,0.479932,0.083708,0.248808
"Sacramento",0.11058,0.0484,16.502208,0.313652,0.154,0.0827
"Sacramento",0.054384,0.017952,16.771934,2.3649,0.117832,0.074288
"Sacramento",0.087044,0.013376,18.830806,1.090912,0.202252,0.113776
"Sacramento",0.100044,0.021472,19.767758,0.81718,0.37568,0.148492
"Sacramento",0.098888,0.03036,17.757234,0.78184,1.448388,0.05934
"Sacramento",0.085268,0.015752,13.953972,0.6101,1.33574,0.0029
"Sacramento",0.078932,0.011792,16.496384,0.259672,0.156496,0.174052
"Sacramento",0.099368,0.015048,18.148472,1.217112,0.16542,0.066792
"Sacramento",0.10146,0.020064,16.45604,0.379612,0.28948,0.125016
"Sacramento",0.097088,0.022,15.776088,0.266116,0.309596,0.126664
"Sacramento",0.0735,0.014168,17.006938,0.300472,0.170968,0.152972
"Sacramento",9.269988,0.008888,2.868496,0.473084,0.033088,0.173624
"Sacramento",11.842956,0.005896,0.476094,0.536508,0.018304,0.2266
"Sacramento",9.605312,0.016016,5.302598,0.62026,0.06546,0.189992
"Sacramento",7.725768,0.013816,6.763648,0.767856,0.370084,0.196152
"Sacramento",3.373252,0.013992,13.784432,1.56528,0.217996,0.332972
"Sacramento",11.57368,0.010648,5.96862,0.473396,0.466012,0.244432
"Sacramento",9.490936,0.00924,5.430016,0.30602,0.420656,0.2034
"Sacramento",0.05382,0.00704,6.868304,0.1942,0.026668,0.054472
"Sacramento",4.80788,0.01408,12.831196,1.255092,0,0.20132
"Sacramento",7.746128,0.014696,11.124956,1.307804,0.197824,0.246088
"Sacramento",0.408528,0.021648,17.86237,1.41434,0.13284,0.152012
"Sacramento",0.110108,0.039248,21.210554,0.913,0.137596,0.116164
"Sacramento",0.081032,0.017072,17.495128,1.238528,0.201804,0.299028
"Sacramento",0.055808,0.00836,11.167498,0.723572,0.04634,0.134256
"Sacramento",0.079984,0.013376,17.429938,0.45546,0.223744,0.07158
"Sacramento",0.063656,0.059124,10.552426,1.421872,0.257576,0.140584
"Sacramento",0.07394,0.016368,16.490594,0.709888,0.113344,0.045196
"Sacramento",0.068692,0.018656,16.232464,0.541704,0.070568,0.176712
"Sacramento",0.070536,0.01232,13.411482,0.470112,0.461352,0.17176
"Sacramento",0.081172,0.02156,16.953576,1.228148,0.309444,0.23118
"Sacramento",0.130884,0.02596,21.016098,1.703384,0.368008,0.099348
"Sacramento",0.058196,0.0704,13.526036,0.361876,0.339856,0.06548
"Sacramento",0.069548,0.059664,16.326374,0.74004,0.10912,0.361196
"Sacramento",0.061848,0.156952,15.827704,0.975828,0.102936,0.06554
"Sacramento",0.141852,0.01716,25.119248,0.642324,0.233752,0.156636
"Sacramento",0.109632,0.021296,20.360576,0.266764,0.142,0.154676
"Sacramento",0.103296,0.032736,15.079418,0.458464,0.382804,0.114152
"Sacramento",0.086768,0.019272,19.413088,1.105348,0.25572,0.119348
"Sacramento",0.619088,0.043552,20.333998,1.691536,0.1848,0.381252
"Sacramento",0,0.017248,0.28978,1.08812,0.058344,0.0117
"Sacramento",0.039424,0.02068,11.178044,0.077264,0.127776,0.110624
"Sacramento",0.087188,0.01408,19.160954,0.685916,0.159792,0.368112
"Sacramento",0.028512,0.0242,10.075596,0.477544,0.776424,0.071896
"Sacramento",0.044076,0.032912,14.49866,0.23424,0.077,0.102536
"Sacramento",0.078588,0.018744,15.159144,0.405472,0.146872,0.075044
"Sacramento",0.110804,0.03212,25.14031,0.932072,0.270724,0.129824
"Sacramento",0.061436,0.021736,17.09626,0.929724,0.039512,0.090032
"Sacramento",0.084164,0.019272,16.853432,0.825172,0.126208,0.553724
"Sacramento",0.072988,0.028072,18.146038,1.005404,0.1012,0.078664
"Sacramento",0.082216,0.0308,18.104068,0.931148,0.120384,0.087064
"Sacramento",0.118296,0.014696,26.627798,1.966056,0.168256,0.088568
"Sacramento",0.049192,0.056584,12.397054,1.858848,0.04664,0.146816
"Sacramento",20.120268,0.005632,5.673498,0.709824,0.011968,0.357036
"Sacramento",14.702908,0.008272,5.778052,0.641088,0.042504,0.262336
"Sacramento",14.62316,0.006776,5.38719,0.55016,0.047344,0.303804
"Sacramento",0.09128,0.039072,22.952402,0.976076,0.197652,0.110448
"Sacramento",15.90688,0.003784,4.196846,1.78196,0.018832,0.334832
"Sacramento",0.065488,0.01408,12.09335,0.911052,0.216908,0.067212
"Sacramento",0.048664,0.017512,0.831392,1.574608,0.081488,0.0141
"Sacramento",0.048576,0.016896,2.093042,0.750296,0.08184,0.0107
"Sacramento",19.928824,0,0.7396,1.265524,0.001584,0.374684
"Sacramento",0.092656,0.03036,19.440768,0.517628,0.216524,0.076864
"Sacramento",11.114032,0.011968,4.41885,0.42076,0.04092,0.255028
"Sacramento",0.05938,0.019624,11.765214,1.60712,0.195,0.111032
"Sacramento",0.030536,0.022088,10.149302,0.273052,0.018568,0.109584
"Sacramento",0,0.0242,0.536404,0.872052,0.014,0.0267
"Sacramento",0.065472,0.024992,1.775108,3.105588,0.217008,0.0122
"Sacramento",0.176464,0.033088,19.910324,0.512124,0.11484,0.193072
"Sacramento",0.094684,0.020328,20.681012,0.98082,0.201412,0.107044
"Sacramento",0.08344,0.023408,18.233134,0.248972,0.064064,0.114504
"Sacramento",0.078924,0.025256,14.501292,0.433084,0.0902,0.160348
"Sacramento",0.276788,0.349776,38.36933,1.612824,0.403872,0.290388
"Sacramento",0.077484,0.008184,17.330156,0.294532,0.200628,0.306256
"Sacramento",0.089044,0.017864,15.30812,1.782776,0.206704,0.078156
"Sacramento",0.108096,0.04048,19.658776,0.557768,0.124224,0.110608
"Sacramento",0.10718,0.018216,17.974942,1.117112,0.361844,0.411912
"Sacramento",0.147896,0.036608,22.118932,1.641848,0.268548,0.079688
"Sacramento",0.067684,0.016016,19.855298,1.059408,0.13904,0.079724
"Sacramento",0.099492,0.020856,20.127492,0.206332,0.05676,0.106528
"Sacramento",0.112688,0.033264,22.043236,0.861584,0.185248,0.06536
"Sacramento",0.058312,0.033704,10.95524,0.591916,0.048928,0.055972
"Sacramento",0.049532,0.022616,14.475788,0.997728,0.203808,0.069232
"Sacramento",12.877164,0.01012,5.17954,0.611908,0.13164,0.237644
"Sacramento",0.100468,0.032912,21.057986,0.889936,0.111672,0.097312
"Sacramento",0.09428,0.010384,17.109538,0.532508,0.085448,0.248052
"Sacramento",0.097832,0.005808,15.450426,1.078896,0.15614,0.00768
"Sacramento",0.095248,0.012408,19.227846,1.654108,0.129084,0.10298
"Sacramento",0.100228,0.0286,20.116454,0.697128,0.127952,0.08792
"Sacramento",0.093448,0.026664,18.266898,0.66474,0.17708,0.056728
"Sacramento",0.06804,0.057184,16.378018,0.933896,0.054296,0.058276
"Sacramento",0.04576,0.029128,14.294774,0.603312,0.05148,0.206216
"Sacramento",0.07952,0.020152,13.57202,0.35024,0.131328,0.055536
"Sacramento",0.127728,0.024024,22.464674,0.394776,0.133672,0.062856
"Sacramento",0.067004,0.026928,18.776972,0.757692,0.0924,0.110672
"Sacramento",0.074236,0.024816,19.883776,0.550904,0.173536,0.081532
"Sacramento",0.089256,0.01936,16.34387,1.43704,0.170368,0.327108
"Sacramento",0.047912,0.024464,9.306254,0.413664,0.02156,0.063272
"Sacramento",0.082704,0.022088,18.309484,0.879124,0.07392,0.165
"Sacramento",0.066072,0.01628,15.476324,0.290716,0.12562,0.1058
"Sacramento",0.04752,0.022968,15.151166,0.413612,0.075592,0.104208
"Sacramento",0.05632,0.023848,17.996338,0.456148,0.095304,0.138348
"Sacramento",0.0896,0.018392,20.40926,0.651524,0.16104,0.06164
"Sacramento",0.0711,0.02156,16.686468,0.502272,0.042064,0.090292
"Sacramento",0.064404,0.023056,14.581624,0.290368,0.82554,0.25154
"Sacramento",0.073628,0.041272,16.613774,1.278996,0.20592,0.0067
"Sacramento",0.028336,0.607324,14.466318,1.4492,0.013728,0.12284
"Sacramento",0.058644,0.03212,12.115142,0.56338,0.099492,0.10966
"Sacramento",0.042152,0.03916,15.347256,0.242652,0.071456,0.383536
"Sacramento",0.061204,0.028952,12.305104,0.951848,0.19692,0.169096
"Sacramento",1.46756,0.03772,24.259552,0.3662,0.092488,0.131272
"Sacramento",0.09308,0.019184,22.092442,0.820132,0.214544,0.084056
"Sacramento",0.093872,0.015048,21.475554,0.580704,0.181456,0.070036
"Sacramento",0.082892,0.01628,18.780232,1.4106,0.087472,0.271432
"Sacramento",0.071588,0.020768,16.694132,0.482584,0.199812,0.106212
"Sacramento",0.102028,0.026576,21.257838,1.9873,0.174504,0.111968
"Sacramento",0.083776,0.053416,19.072362,0.749828,0.167992,0.073796
"Sacramento",0.077776,0.015048,16.211516,0.378056,0.072072,0.085072
"Sacramento",0.10694,0.020064,21.697706,0.636096,0.113932,0.19492
"Sacramento",0.117072,0.021648,16.741238,1.764648,0.13244,0.080852
"Sacramento",9.955616,0.103,3.695184,0.669812,0.01628,0.228444
"Sacramento",24.526652,0,0.586612,0.55134,0,0.471
"Sacramento",0.115616,0.009416,22.530038,1.2133,0.191752,0.08342
"Sacramento",0.072892,0.021296,15.909542,0.597612,0.159892,0.054384
"Sacramento",0.110632,0.02596,19.239256,0.873524,0.142824,0.089964
"Sacramento",0.063592,0.013992,12.395328,0.277752,0.04004,0.161392
"Sacramento",0.030624,0.025432,8.650684,0.294584,0.216216,0.051056
"Sacramento",0.09598,0.040744,18.382266,0.340188,0.13772,0.127748
"Sacramento",0.105192,0.031268,20.198518,0.302404,0.11242,0.118792
"Sacramento",0.138852,0.011528,26.182536,1.846252,0.237416,0.236328
"Sacramento",0.034584,0.015224,12.13119,0.633428,0.1078,0.011352
"Sacramento",0.076284,0.02948,19.287038,2.045824,0.12364,0.169316
"Sacramento",0.035112,0.01276,12.14514,0.940976,1.217644,0.067184
"Sacramento",20.408512,0.015224,5.89735,1.309196,0.052184,0.324016
"Sacramento",0.029948,0.032648,3.734188,0.169452,0.042328,0.103092
"Sacramento",0.176944,0.035024,21.706756,0.848704,0.144056,0.068496
"Sacramento",0.05846,0.017864,9.60848,0.876288,0.04092,0.265012
"Sacramento",0.035376,0.03388,10.459726,0.252248,0.033352,0.13522
"Sacramento",0.10068,0.0374,20.901458,1.004492,0.249832,0.313192
"Sacramento",0.035284,0.022828,9.99732,0.634828,0.035728,0.205312
"Sacramento",0.076212,0.048568,11.812968,0.214456,0.041536,0.133876
"Sacramento",0.339688,0.017952,17.819794,2.075768,0.268896,0.303016
"Sacramento",0.141396,0.012144,15.79384,0.333276,0.137456,0.129536
"Sacramento",11.455088,0.008888,3.032982,0.567924,0.035112,0.190784
"Sacramento",0.085348,0.026048,17.23099,1.378152,0.130064,0.071368
"Sacramento",21.757612,0.000528,1.082348,0.64302,0,0.519288
"Sacramento",0.143372,0.022528,16.811964,1.762308,1.284576,0.23876
"Sacramento",0.221992,0.003344,23.0825,2.014004,0.202136,0.109972
"Sacramento",0.129092,0.020152,20.43783,1.475568,0.068464,0.108504
"Sacramento",0.147168,0.016808,15.054202,0.500412,0.47124,0.099264
"Sacramento",0.103204,0.019712,21.843044,0.499292,0.184232,0.16582
"Sacramento",0.055748,0.02552,15.072788,0.544644,0.13284,0.078444
"Sacramento",0.059764,0.042592,16.45577,1.062452,0.115016,0.62766
"Sacramento",0.077888,0.037928,14.17413,0.428788,0.054208,0.060224
"Sacramento",0.091272,0.038456,17.985986,0.801448,0.106832,0.048928
"Sacramento",0.0912,0.030448,19.937342,0.850824,0.162008,0.0507
"Sacramento",0.066088,0.028424,19.02099,0.677064,0.108064,0.130692
"Sacramento",0.102992,0.03212,19.705748,1.264212,0.168432,0.098912
"Sacramento",0.044352,0.02992,13.6297,0.42762,0.063624,0.058596
"Sacramento",0.0695,0.028512,14.405756,0.366776,0.084744,0.066324
"Sacramento",0.08694,0.04356,17.77559,0.258436,0.061072,0.088596
"Sacramento",0.07174,0.031064,16.133546,1.054744,0.078936,0.36516
"Sacramento",0.117972,0.03036,21.535426,0.432884,0.127424,0.049488
"Sacramento",0.080056,0.02508,18.826478,0.541336,0.16412,0.103848
"Sacramento",0.054736,0.027544,17.078416,1.011048,0.314952,0.14308
"Sacramento",0.080896,0.032472,17.694568,1.875692,0.176352,0.181496
"Sacramento",0.091224,0.035536,18.417198,0.376388,0.165528,0.048164
"Sacramento",12.226052,0.01056,6.05255,0.756872,0.371008,0.273116
"Sacramento",0.683404,0.013112,14.578734,0.789372,0.1782,0.08812
"Sacramento",0.075092,0.017424,14.1563,0.172024,0.084656,0.232492
"Sacramento",0.092688,0.041888,20.337726,1.191332,0.124872,0.08534
"Sacramento",0.102672,0.020768,25.21759,1.254764,0.198,0.0689
"Sacramento",18.815624,0.008008,5.365024,0.903668,0.020152,0.344904
"Sacramento",0.132996,0.0132,20.307284,1.334408,0.199584,0.167984
"Sacramento",0.092392,0.039952,19.098216,0.63186,0.171072,0.08684
"Sacramento",0.079392,0.034836,18.72061,0.330048,0.123112,0.057816
"Sacramento",0.09538,0.045796,17.922992,0.73906,0.114928,0.072284
"Sacramento",0.07136,0.01804,13.020472,0.5326,0.145464,0.094716
"Sacramento",0.11162,0.019448,17.036282,0.310832,0.11836,0.207592
"Sacramento",12.742596,0.003256,5.033462,0.471208,0.069864,0.259732
"Sacramento",11.738972,0.006688,4.44829,0.6968,0.035288,0.201092
"Sacramento",0.096212,0.080308,23.28843,0.677276,0.190168,0.06584
"Sacramento",0.099684,0.031064,18.69571,0.44286,0.28118,0.125112
"Sacramento",0.043868,0.003784,5.334104,0.228688,2.185616,0.027668
"Sacramento",0.041888,0.00836,4.854804,0.168004,3.98964,0.333256
"Sacramento",0.035196,0.063096,5.898818,0.189096,0.070396,0.125172
"Sacramento",0.070828,0.024552,13.785086,1.06328,0.127952,0.089992
"Sacramento",0.087804,0.010208,14.810544,0.390096,0.08316,0.117148
"Sacramento",0.065296,0.005192,12.548342,0.468804,0.176368,0.04884
"Sacramento",0.08778,0.022528,16.746084,0.538168,0.057552,0.104064
"Sacramento",0.1025,0.057136,19.03489,0.580256,0.147576,0.064644
"Sacramento",0.071136,0.051304,16.371564,0.32484,0.072952,0.18456
"Sacramento",0.051712,0.0374,12.280632,0.486196,0.05588,0.050328
"Sacramento",0.16724,0.016456,16.1937,2.421,0.151888,0.218704
"Sacramento",0.1055,0.030272,16.465822,0.535404,0.049192,0.109768
"Sacramento",9.704676,0.008008,5.06796,0.4279,0.044088,0.293596
"Sacramento",0.1179,0.016016,19.21558,0.730032,0.049368,0.113836
"Sacramento",0.138372,0.050336,17.7129,1.022512,0.797456,0.090216
"Sacramento",0.092472,0.055176,18.25934,0.9402,0.13332,0.365024
"Sacramento",0.096772,0.05896,19.253896,1.087944,1.38694,0.1061
"Sacramento",0.07214,0.029832,17.931552,0.428444,0.176084,0.075692
"Sacramento",0.155728,0.031416,28.228526,0.53678,0.115104,0.182596
"Sacramento",0.231324,0.009416,24.05739,1.140376,1.585672,0.094728
"Sacramento",0,0.009504,17.108124,0.048224,0.420464,0.0418
"Sacramento",0.116484,0.028776,15.531208,0.603776,0.962716,0.220872
"Sacramento",0.115416,0.03784,14.80713,0.162552,0.050248,0.276292
"Sacramento",0.102832,0.02024,20.741122,0.815036,0.183448,0.2222
"Sacramento",0.102848,0.028424,22.489222,1.577132,0.158664,0.592264
"Sacramento",0.503136,0.023936,20.224686,0.975212,1.310584,0.212988
"Sacramento",0.111768,0.032968,21.788556,0.435404,0.207616,0.06336
"Sacramento",0.092088,0.072232,19.085192,2.559552,0.183392,1.08476
"Sacramento",0.09996,0.031944,17.430512,0.704136,0.108416,0.068112
"Sacramento",0.106176,0.017424,16.021968,0.554324,0.088792,0.14326
"Sacramento",0.094884,0.018216,6.906358,0.189524,0.162176,0.063256
"Sacramento",0.137624,0.016544,15.240268,0.514024,0.210848,0.067688
"Sacramento",0.070408,0.030624,11.88502,0.96156,0.045056,0.09366
"Sacramento",0.063784,0.012496,10.990086,3.170024,0.126368,0.073828
"Sacramento",0.362008,0.032208,17.54492,0.226672,0.01276,0.44436
"Sacramento",0.079864,0.030624,12.251316,0.403772,0.087296,0.14344
"Sacramento",0.067544,0.016808,13.866072,0.919512,0.086328,0.1606
"Sacramento",0.092596,0.038808,20.24393,0.820336,0.198832,0.106564
"Sacramento",0.059564,0.01848,16.97669,0.44248,0.105864,0.10288
"Sacramento",0.059728,0.01672,13.642516,0.545488,0.218068,0.06824
"Sacramento",0.056456,0.020152,15.875484,0.610256,0.140616,0.059036
"Sacramento",0.068728,0.03256,18.988368,0.858892,0.18614,0.110964
"Sacramento",0.08976,0.041012,17.78655,0.947356,0.277876,0.096336
"Sacramento",0.075036,0.012936,17.746194,1.247196,0.105132,0.151624
"Sacramento",0.112172,0.018768,26.69644,1.169396,0.23438,0.26498
"Sacramento",0.1449,0.047544,19.623678,1.033596,0.227656,0.14102
"Sacramento",0.068936,0.021912,14.296426,0.56246,0.149724,0.124904
"Sacramento",0.1116,0.015752,23.471668,1.63876,0.070928,0.106132
"Sacramento",0.06292,0.154536,9.021562,0.332588,0.040392,0.265712
"Sacramento",0.104464,0.010648,24.300886,0.297452,0.0924,0.103632
"Sacramento",0.056572,0.008448,15.83377,1.724228,0.05222,0.134488
"Sacramento",9.916808,0.005632,0.596452,0.483748,0.024728,0
"Sacramento",0.052448,0.029216,0.657938,0.519604,0.199672,0.0182
"Sacramento",0.067144,0.015752,0.447682,0.88836,0.209616,0.0323
"Sacramento",0.096176,0.103664,17.114032,0.879748,0.796928,0.060164
"Sacramento",0.0862,0.02464,18.784124,2.903588,0.223032,0.088308
"Sacramento",0.18862,0.010648,18.607288,0.452808,0.335656,0.13906
"Sacramento",0.054932,0.013024,15.51133,0.564444,0.108152,0.062904
"Sacramento",0.072448,0.012672,16.896498,0.54064,0.158452,0.068044
"Sacramento",0.11356,0.024288,20.711014,0.88634,0.133232,0.098144
"Sacramento",0.092408,0.030624,17.290724,1.263184,0.045056,0.219952
"Sacramento",0.085016,0.011616,16.333684,0.659544,0.114928,0.064612
"Sacramento",0.121344,0.00924,20.880554,0.531176,0.194628,0.08872
"Sacramento",0.096452,0.04796,21.37114,0.350984,0.07876,0.13294
"Sacramento",0.120604,0.025168,22.2636,1.14364,0.21956,0.145068
"Sacramento",0.10774,0.038808,17.66184,1.761184,0.139832,0.119152
"Sacramento",0.085952,0.011264,18.328004,0.830364,0.271292,0.136972
"Sacramento",0.07358,0.0198,16.658782,0.535472,0.111672,0.163368
"Sacramento",0.107712,0.012936,25.749872,1.141168,0.241208,0.071264
"Sacramento",0.113156,0.026312,24.050356,1.083268,0.206612,0.285032
"Sacramento",0.09074,0.021472,19.910768,0.528856,0.141444,0.079904
"Sacramento",0.068728,0.034056,24.975604,1.039276,0.125928,0.082468
"Sacramento",1.655984,0,0.060858,0.481092,0.0275,0.046116
"Sacramento",0.104048,0.05016,24.08845,0.633268,0.276632,0.124796
"Sacramento",0.083172,0.04048,20.25373,0.548144,0.146776,0.14418
"Sacramento",0.0749,0.011176,18.479208,1.5724,0.244488,0.14872
"Sacramento",0.0705,0.023584,13.163296,0.227796,0.148172,0.074844
"Sacramento",0.094648,0.042504,24.13358,0.681848,0.41796,0.21466
"Sacramento",0.094956,0.01584,23.488342,1.035552,0.216964,0.12012
"Sacramento",0.136108,0.056408,27.387556,1.475992,0.204884,0.502352
"Sacramento",0.104416,0.032296,21.57748,0.2722,0.12914,0.12416
"Sacramento",0.045832,0.023408,7.735018,0.561988,0.212324,0.101376
"Sacramento",0.06344,0.021912,13.504026,0.522144,0.07658,0.055836
"Sacramento",0.055536,0.016456,11.567352,0.339076,0.0737,0.080388
"Sacramento",0.045232,0.014168,17.505626,2.642976,1.374328,0.037928
"Sacramento",0.082236,0.028424,21.011076,0.329396,0.141936,0.107472
"Sacramento",0.043032,0.011528,16.831542,2.123076,0.16764,0.097436
"Sacramento",0.051516,0.009328,13.87771,0.679416,0.090472,0.034252
"Sacramento",0.07838,0.016192,19.66735,0.440572,0.180992,0.441856
"Sacramento",0.090688,0.014432,16.874426,0.74694,0.163436,0.144672
"Sacramento",0.155864,0.017072,14.146814,0.7108,0.32852,0.0256
"Sacramento",0.077,0.036168,19.141244,0.77384,0.244584,0.101552
"Sacramento",0.0951,0.030272,22.001328,0.392948,0.210272,0.009856
"Sacramento",0.085352,0.019536,21.585938,0.875912,0.176012,0.119364
"Sacramento",0.1235,0.025784,27.211992,1.56132,0.267128,0.05116
"Sacramento",0.17008,0.038544,15.912082,0.793904,0.179784,0.22612
"Sacramento",0.046992,0.012936,13.134142,0.494804,0.047168,0.0535
"Sacramento",0.113684,0.016808,19.602312,0.777788,0.171072,0.098004
"Sacramento",0.163384,0.015048,26.004232,1.572192,0.378892,0.209696
"Sacramento",0.110884,0.006864,24.882836,1.13764,0.2024,0.098952
"Sacramento",0.125496,0.011352,27.868794,1.963172,0.404744,0.039656
"Sacramento",17.731356,0.002288,0.843734,0.338336,0.024376,0.317416
"Sacramento",11.644676,0.003784,4.334388,0.362008,0.0286,0.264464
"Sacramento",0.07714,0.027896,15.503042,0.381536,0.109736,0.066116
"Sacramento",0.075284,0.014872,15.374464,0.730008,0.1122,0.072056
"Sacramento",0.038248,0.078396,8.130468,0.974572,0.04708,0.068636
"Sacramento",17.793056,0.015488,5.309764,0.705172,0.020064,0.288728
"Sacramento",0.0816,0.025432,13.93756,0.35342,0.136312,0.11696
"Sacramento",6.597708,0.012408,10.441208,1.16376,0.49006,0.258392
"Sacramento",19.258876,0.004928,0.935282,1.307744,0,0.354404
"Sacramento",18.049116,0.002992,0.589712,1.251468,0,0.357712
"Sacramento",15.532312,0,0.545968,0.433584,0,0.293104
"Sacramento",0.110804,0.055792,23.320746,1.822104,0.238568,0.101452
"Sacramento",0.085568,0.00968,7.77486,1.288556,0.041536,0.0308
"Sacramento",0.068392,0.044352,12.84469,1.325308,0.13212,0.062856
"Sacramento",0.041524,0.009768,12.190004,1.581336,0.115192,0.065816
"Sacramento",0.314736,0.030008,22.417728,0.351884,0.089496,0.163444
"Sacramento",0.034016,0.012232,7.12121,0.248524,0.076572,0.069096
"Sacramento",0.033704,0.035552,13.039952,0.413432,0.060896,0.336988
"Sacramento",0.08944,0.032912,22.444944,0.812268,0.216892,0.008624
"Sacramento",0.083956,0.0308,18.660708,0.902024,0.231904,0.080556
"Sacramento",10.092444,0.013904,3.590614,0.950076,0.409556,0.250776
"Sacramento",0.095388,0.018128,16.667676,1.512944,0.223708,0.236456
"Sacramento",0.029816,0.010208,5.74737,0.070684,0.075148,0.041804
"Sacramento",0.099012,0.020592,18.146712,0.424988,0.185272,0.159436
"Sacramento",0.045264,0.006336,13.618592,2.18432,0.15092,0.075064
"Sacramento",0.103224,0.025696,17.570402,0.7057,0.123684,0.13258
"Sacramento",0.117664,0.032648,23.557794,0.534884,0.296232,0.104596
"Sacramento",0.092912,0.041184,17.905708,1.1652,0.189368,0.08684
"Sacramento",0.076148,0.018744,18.042988,1.237896,0.2855,0.100284
"Sacramento",0.110216,0.04004,20.246002,0.855492,0.207416,0.113916
"Sacramento",0.075596,0.060808,16.365214,0.36902,0.169816,0.185828
"Sacramento",0.086316,0.019008,16.915566,0.39642,0.107708,0.118976
"Sacramento",0.163184,0.036256,18.504336,0.329176,0.20992,0.083716
"Sacramento",0.089132,0.015664,15.403106,0.27738,0.266288,0.139712
"Sacramento",16.388388,0,0.582202,0.96308,0,0.3339
"Sacramento",0.043032,0.026664,13.069304,0.551792,0.081488,0.08608
"Sacramento",0.1119,0.019448,15.640822,0.523388,0.082016,0.095264
"Sacramento",0.102476,0.00352,18.978666,1.475128,0.086372,0.136632
"Sacramento",0.127016,0.01232,13.405012,0.172408,0.076504,0.07338
"Sacramento",0.076336,0.026136,11.77148,1.19784,0.150864,0.256832
"Sacramento",0.067236,0.01276,14.393028,2.328272,0.1909,0.065924
"Sacramento",0.049332,0.015136,13.563184,0.621352,0.087652,0.0447
"Sacramento",0.110632,0.030184,19.40095,0.658736,0.127336,0.10164
"Sacramento",0.042328,0.055076,14.725328,1.230304,0.10296,0.097696
"Sacramento",0.104144,0.021824,19.015722,2.15086,2.45672,0.132868
"Sacramento",18.683292,0.010648,6.76095,0.905624,0.030888,0.367796
"Sacramento",0.083152,0.02376,17.848332,0.73476,0.123376,0.076284
"Sacramento",0.075032,0.013748,17.615284,0.645116,0.104368,0.084004
"Sacramento",0.075424,0.046024,16.203492,0.45836,0.063008,0.32174
"Sacramento",0.0763,0.012408,16.033374,0.207076,0.103468,0.081516
"Sacramento",0.15726,0.044528,21.184952,0.825724,0.183568,0.180148
"Sacramento",0.083396,0.025344,19.654948,0.595044,0.140976,0.07426
"Sacramento",0.105556,0.045936,20.88151,0.97528,0.292892,0.189768
"Sacramento",0.126096,0.025784,19.81165,1.233528,0.177672,0.154168
"Sacramento",0.03108,0.018304,7.124808,0.455664,0.088804,0.043304
"Sacramento",0.040128,0.016632,9.800704,0.529544,0.107388,0.045756
"Sacramento",0.043376,0.011088,7.683434,0.523072,0.117524,0.02492
"Sacramento",0.0037,0.0022,1.23331,0.102016,0.042944,0.022616
"Sacramento",0.434268,0.016808,16.362296,0.541484,0.156592,0.032756
"Sacramento",0.07944,0.01056,17.510542,0.642504,0.145376,0.0863
"Sacramento",0.099236,0.03344,19.55681,1.077636,0.271828,0.075728
"Sacramento",0.066664,0.041008,18.44222,0.94266,0.370764,0.110008
"Sacramento",12.880968,0.0088,5.167918,0.705428,0.046288,0.239504
"Sacramento",0.089968,0.020172,18.817404,1.017632,0.17968,0.071992
"Sacramento",0.23242,0.025256,17.676208,0.758116,0.16306,0.121116
"Sacramento",0.096656,0.019184,15.325194,0.855252,0.165528,0.44874
"Sacramento",0.056356,0.01672,12.45655,0.6232,0.057728,0.108104
"Sacramento",0.094412,0.020328,21.30371,0.92622,0.239388,0.10218
"Sacramento",0.027692,0.0272,6.874654,0.16788,0.003784,0.0247
"Sacramento",0.079968,0.017952,15.10974,0.641,0.164992,0.09234
"Sacramento",0.08984,0.01672,18.447838,1.010736,0.142092,0.073656
"Sacramento",0.055656,0.019008,12.820396,0.907108,0.104192,0.220576
"Sacramento",0.0887,0.016632,22.191256,2.055932,0.304696,0.281564
"Sacramento",0.087952,0.024816,21.98253,0.835448,0.2321,0
"Sacramento",0.096616,0.013112,17.560798,1.573964,0.322076,0.453236
"Sacramento",0.115396,0.024904,21.531102,0.981364,0.248388,0.116656
"Sacramento",0.116544,0.027984,23.630966,1.300116,0.42168,0.095124
"Sacramento",10.869504,0.010736,10.799652,0.506308,0.101764,0.27462
"Sacramento",0.151844,0.024376,25.378012,0.678324,0.1205,0.156716
"Sacramento",0.104084,0.01892,20.461172,0.290288,0.12676,0.231472
"Sacramento",11.733176,0.009064,11.457274,0.416128,0.107708,0.282084
"Sacramento",0.116656,0.018304,21.59064,0.918448,0.228016,0.131496
"Sacramento",0.105288,0.021472,21.795058,1.716932,0.255652,0.16168
"Sacramento",0.094156,0.018216,21.519644,0.86066,0.168312,0.106872
"Sacramento",0.057344,0.019096,16.252512,1.011748,0.087836,0.310196
"Sacramento",13.135948,0.005896,0.50126,0.485256,0.050332,0.195976
"Sacramento",9.002404,0.014256,5.15576,0.388028,0.457752,0.170016
"Sacramento",11.942624,0.01276,3.634782,0.578404,0.343212,0.211316
"Sacramento",9.096756,0.014696,4.704758,0.314712,0.067896,0.17386
"Sacramento",10.531544,0.012408,3.464746,0.296696,0.060808,0.176
"Sacramento",12.928408,0.030624,11.722194,0.780604,0.0638,0.268812
"Sacramento",0.10644,0.020856,22.890196,1.57716,0.256772,0.813544
"Sacramento",9.975604,0.01012,8.33587,0.393616,0.04752,0.674548
"Sacramento",0.106604,0.01892,22.453948,1.62304,0.151268,0.340648
"Sacramento",0.112108,0.018128,22.026184,1.721824,0.296,0.36338
"Sacramento",0.066196,0.01936,15.809512,2.535464,0.195832,0.477232
"Sacramento",0.054132,0.032736,11.987484,0.943304,0.152432,0.367828
"Sacramento",0.096792,0.021736,15.002436,0.675848,0.132584,0.070512
"Sacramento",0.092484,0.04884,13.904804,0.072448,0.0857,0.070636
"Sacramento",0.093444,0.016104,13.462214,0.872784,0.140536,0.054852
"Sacramento",0.086056,0.008976,16.026188,1.30992,0.166216,0.08198
"Sacramento",0.07682,0.022,16.73962,0.601024,0.201348,0.051348
"Sacramento",0.05268,0.009152,10.727672,0.709164,0.072176,0.127332
"Sacramento",0.096152,0.0308,15.001892,0.397092,0.191596,0.0692
"Sacramento",0.05428,0.027632,15.239586,0.4977,0.176528,0.110144
"Sacramento",0.054644,0.463964,17.288174,0.264536,0.119232,0.158144
"Sacramento",0.075764,0.011176,17.600608,1.869008,0.257848,0.118888
"Sacramento",0.0968,0.0242,15.570168,0.655908,0.07392,0.344608
"Sacramento",0.082712,0.021472,19.871968,0.770036,0.140184,0.096576
"Sacramento",0.069508,0.021736,15.434268,0.908844,0.220868,0.215768
"Sacramento",0.083888,0,17.27641,2.352024,0.079552,0.423512
"Sacramento",0.062364,0.023496,13.031854,3.248792,0.165624,0.087552
"Sacramento",11.770236,0.004136,1.073658,0.165576,0,0.17336
"Sacramento",0.115828,0.023936,18.888494,0.2528,0.25492,0.116296
"Sacramento",8.744572,0.024112,9.331322,0.535552,0.05896,0.221884
"Sacramento",0.073716,0.035836,18.508858,0.71464,0.118624,0.070848
"Sacramento",0.099692,0.03458,21.222346,1.122668,0.195624,0.1034
"Sacramento",0.082184,0.022968,16.210246,0.533848,0.18878,0.059864
"Sacramento",0.058256,0.012584,17.420112,1.04302,0.045496,0.312136
"Sacramento",0.084876,0.082368,17.99503,0.808884,0.071808,0.12232
"Sacramento",0.05128,0.006336,10.925262,0.332284,0.08096,0.066636
"Sacramento",0.1505,0.055644,17.91732,0.869424,0.131912,0.28088
"Sacramento",8.834392,0.017008,7.00111,0.861652,0.056408,0.189696
"Sacramento",0.07882,0.019712,15.385658,0.549052,0.139216,0.056812
"Sacramento",0.064736,0.012848,13.244972,0.525932,1.376496,0.175468
"Sacramento",0.083448,0.02992,19.065716,1.01508,0.183964,0.06458
"Sacramento",0.064996,0.069704,16.905626,0.848456,0.114224,0.130516
"Sacramento",0.087876,0.030184,16.432984,0.789888,0.109736,0.065648
"Sacramento",0.128772,0.030448,21.06418,1.747332,0.192984,0.091432
"Sacramento",18.386524,0.003432,0.57226,0.206432,0,0.282692
"Sacramento",0.087892,0.037856,20.803234,0.41612,0.140272,0.063976
"Sacramento",0.112764,0.039248,19.272632,0.497476,0.117656,0.16896
"Sacramento",0.062244,0.020504,16.70115,2.1145,0.16896,0.129036
"Sacramento",0.053068,0.023384,12.080676,0.056744,0.061504,0.046464
"Sacramento",0.071012,0.049128,16.632552,0.863992,0.1473,0.16074
"Sacramento",0.074104,0.0264,13.379418,0.75854,0.094072,0.064484
"Sacramento",11.90916,0.0132,5.501136,0.5976,0.054296,0.21076
"NIDA",6.1,0,0.03,0.2,0,0.02
"NIDA",4.95,0,0.16,0.12,0,0.21
"NIDA",4.5,0,0.18,0.09,0,0.21
"NIDA",5.38,0,0.18,0.16,0,0.21
"NIDA",5.55,0,0.18,0.19,0,0.23
"NIDA",5.61,0,0.18,0.16,0,0.24
"NIDA",5.65,0,0.18,0.18,0,0.24
"NIDA",4.73,0,0.19,0.13,0,0.19
"NIDA",5.67,0,0.19,0.18,0,0.24
"NIDA",5.96,0,0.19,0.16,0,0.24
"NIDA",5.55,0,0.19,0.12,0,0.25
"NIDA",5.51,0,0.2,0.18,0,0.22
"NIDA",5.66,0,0.2,0.19,0,0.22
"NIDA",5.26,0,0.21,0.11,0,0.23
"NIDA",5.92,0,0.21,0.2,0,0.23
"NIDA",5.99,0,0.21,0.21,0,0.24
"NIDA",6.49,0,0.21,0.22,0,0.27
"NIDA",5.72,0,0.22,0.17,0,0.23
"NIDA",5.66,0,0.22,0.14,0,0.25
"NIDA",6.08,0,0.22,0.14,0,0.26
"NIDA",6.47,0,0.22,0.22,0,0.27
"NIDA",5.28,0,0.23,0.13,0,0.21
"NIDA",6.47,0,0.23,0.22,0,0.26
"NIDA",5.86,0,0.24,0.13,0,0.26
"NIDA",6.45,0,0.24,0.17,0,0.28
"NIDA",5.99,0,0.25,0.2,0,0.23
"NIDA",5.24,0,0.29,0.17,0,0.22
"NIDA",5.39,0,0.29,0.22,0.04,0.23
"NIDA",10.14,0,0.4,0.46,0,0.41
"NIDA",9.62,0,0.43,0.29,0,0.42
"NIDA",5.15,0,0.51,0.2,0,0.23
"NIDA",13.94,0,0.53,0.52,0.04,0.54
"NIDA",3.14,0.06,1.36,0.14,0.04,0.16
"NIDA",0,0.42,1.43,0,0,0.07
"NIDA",3.46,0.07,1.58,0.15,0.04,0.17
"NIDA",0,0.5,1.65,0.04,0.05,0.1
"NIDA",3.38,0.07,1.81,0.15,0,0.2
"NIDA",0,0.21,2.23,0,0,0.15
"NIDA",4.05,0.07,2.29,0.12,0,0.2
"NIDA",0,0.23,2.5,0,0,0.17
"NIDA",0.08,0.22,2.7,0,0,0
"NIDA",0,0.3,2.84,0.05,0,0.17
"NIDA",4.93,0.09,2.85,0.24,0,0.27
"NIDA",4.89,0.06,2.97,0.25,0,0.26
"NIDA",15.76,0.09,3.11,0.72,0.04,0.63
"NIDA",5.03,0.09,3.15,0.18,0.03,0.27
"NIDA",4.02,0.13,3.32,0.3,0.04,0.21
"NIDA",4.17,0.11,3.49,0.3,0.04,0.23
"NIDA",5.41,0.09,3.54,0.31,0.04,0.3
"NIDA",0,0.39,3.64,0.06,0.02,0.17
"NIDA",0.96,0.51,3.65,0.07,0,0.2
"NIDA",0.49,0.52,3.74,0.07,0,0.15
"NIDA",5.38,0.1,3.88,0.34,0.04,0.31
"NIDA",5.99,0.16,3.91,0.3,0.04,0.34
"NIDA",5.82,0.1,3.97,0.28,0.04,0.32
"NIDA",0,0.34,4.14,0.06,0,0.19
"NIDA",6.03,0.11,4.25,0.39,0.04,0.34
"NIDA",6.2,0.1,4.29,0.3,0.04,0.35
"NIDA",6.06,0.1,4.31,0.27,0.04,0.33
"NIDA",6.27,0.08,4.33,0.29,0.04,0.35
"NIDA",6.5,0.08,4.4,0.33,0.04,0.36
"NIDA",4.92,0.3,4.43,0.17,0,0.24
"NIDA",6.7,0.12,4.71,0.34,0.04,0.37
"NIDA",6.85,0.09,4.78,0.31,0.05,0.38
"NIDA",0.17,0.15,4.83,0.14,0.04,0.28
"NIDA",0.06,0.55,4.92,0.44,0,0.11
"NIDA",0,0.41,4.95,0.12,0.03,0.18
"NIDA",6.8,0.14,5.16,0.47,0.05,0.39
"NIDA",0,0.47,5.34,0.15,0.04,0.16
"NIDA",0,0.49,5.37,0.16,0.04,0.16
"NIDA",0.36,0.65,5.56,0.07,0,0.24
"NIDA",0,0.46,6.06,0.14,0.05,0.21
"NIDA",0,0.47,6.09,0.12,0,0.18
"NIDA",0,0.57,6.68,0.17,0.05,0.22
"NIDA",0,0.69,6.79,0.11,0,0.17
"NIDA",0,0.52,6.85,0.17,0.05,0.18
"NIDA",0.07,0.59,6.9,0.21,0.05,0.2
"NIDA",0,0.55,6.92,0.18,0.05,0.17
"NIDA",0.1,0.89,7.67,0.7,0.04,0.19
"NIDA",0,0.63,7.77,0.2,0.08,0.15
"NIDA",0,0.81,7.94,0.24,0.06,0.22
"NIDA",0.02,0.12,7.96,0.24,0.06,0.33
"NIDA",15.41,0.16,8.1,0.77,0.08,0.7
"NIDA",0,0.57,8.38,0.58,0.06,0.12
"NIDA",0.11,0.21,8.74,0.19,0.07,0.39
"NIDA",0.1,0.54,9.03,0.12,0,0.26
"NIDA",0,0.75,9.55,0.08,0.06,0.18
"NIDA",0,0.58,10.12,0.6,0.04,0.1
"NIDA",0.1,0.58,10.2,1.44,0.07,0.24
"NIDA",0,0.68,10.2,0.3,0.08,0.23
